filename,width,height,class,xmin,ymin,xmax,ymax
DefenseAndSurvive02.jpg.jpg,1280,720,knife,385,495,567,717
DefenseKnifeAttack0002.jpg.jpg,1280,720,knife,687,256,737,357
DefenseAndSurvive10.jpg.jpg,1280,720,knife,432,428,563,690
DefenseAndSurvive07.jpg.jpg,1280,720,knife,423,382,561,659
DefenseKnifeAttack0027.jpg.jpg,1280,720,knife,476,452,557,596
DefenseAndSurvive14.jpg.jpg,1280,720,knife,392,478,548,720
DefenseAndSurvive04.jpg.jpg,1280,720,knife,390,466,567,701
DefenseAndSurvive09.jpg.jpg,1280,720,knife,442,390,559,668
DefenseKnifeAttack0502.jpg.jpg,1280,720,knife,235,435,422,565
DefenseKnifeAttack0496.jpg.jpg,1280,720,knife,219,520,431,607
DefenseKnifeAttack0475.jpg.jpg,1280,720,knife,453,477,600,633
DefenseKnifeAttack0452.jpg.jpg,1280,720,knife,248,552,379,702
DefenseKnifeAttack0500.jpg.jpg,1280,720,knife,253,446,439,564
DefenseKnifeAttack0501.jpg.jpg,1280,720,knife,240,437,423,563
DefenseKnifeAttack0344.jpg.jpg,1280,720,knife,390,553,545,596
DefenseKnifeAttack0338.jpg.jpg,1280,720,knife,359,554,529,601
DefenseKnifeAttack0366.jpg.jpg,1280,720,knife,296,468,447,528
DefenseKnifeAttack0342.jpg.jpg,1280,720,knife,413,514,573,602
DefenseKnifeAttack0364.jpg.jpg,1280,720,knife,292,470,454,516
DefenseKnifeAttack0337.jpg.jpg,1280,720,knife,364,544,534,594
DefenseKnifeAttack0373.jpg.jpg,1280,720,knife,194,487,322,579
DefenseKnifeAttack0451.jpg.jpg,1280,720,knife,270,555,399,696
DefenseKnifeAttack0393.jpg.jpg,1280,720,knife,358,553,571,630
DefenseKnifeAttack0376.jpg.jpg,1280,720,knife,150,522,340,611
DefenseKnifeAttack0202.jpg.jpg,1280,720,knife,394,486,575,551
DefenseKnifeAttack0198.jpg.jpg,1280,720,knife,382,492,568,566
DefenseKnifeAttack0172.jpg.jpg,1280,720,knife,327,476,530,538
DefenseKnifeAttack0173.jpg.jpg,1280,720,knife,301,487,504,546
DefenseKnifeAttack0183.jpg.jpg,1280,720,knife,339,401,508,513
DefenseKnifeAttack0177.jpg.jpg,1280,720,knife,306,405,479,526
DefenseKnifeAttack0315.jpg.jpg,1280,720,knife,815,478,897,522
DefenseKnifeAttack0221.jpg.jpg,1280,720,knife,263,500,431,621
DefenseKnifeAttack0225.jpg.jpg,1280,720,knife,657,450,734,512
DefenseKnifeAttack0300.jpg.jpg,1280,720,knife,688,496,768,533
DefenseKnifeAttack0219.jpg.jpg,1280,720,knife,252,432,412,552
DefenseKnifeAttack0218.jpg.jpg,1280,720,knife,256,441,416,552
DefenseKnifeAttack0163.jpg.jpg,1280,720,knife,374,470,571,536
DefenseKnifeAttack0135.jpg.jpg,1280,720,knife,641,396,729,441
DefenseKnifeAttack0155.jpg.jpg,1280,720,knife,132,593,314,689
DefenseKnifeAttack0166.jpg.jpg,1280,720,knife,390,459,585,524
DefenseKnifeAttack0167.jpg.jpg,1280,720,knife,393,455,580,526
DefenseKnifeAttack0161.jpg.jpg,1280,720,knife,369,472,562,539
DefenseKnifeAttack0168.jpg.jpg,1280,720,knife,390,454,580,525
DefenseKnifeAttack0187.jpg.jpg,1280,720,knife,185,513,390,573
DefenseKnifeAttack0051.jpg.jpg,1280,720,knife,679,282,744,363
DefenseKnifeAttack0091.jpg.jpg,1280,720,knife,560,501,665,537
DefenseKnifeAttack0093.jpg.jpg,1280,720,knife,572,486,675,524
DefenseKnifeAttack0071.jpg.jpg,1280,720,knife,706,322,778,399
DefenseKnifeAttack0098.jpg.jpg,1280,720,knife,572,468,676,502
DefenseKnifeAttack0095.jpg.jpg,1280,720,knife,571,479,673,515
DefenseKnifeAttack0052.jpg.jpg,1280,720,knife,683,273,747,362
DefenseKnifeAttack0053.jpg.jpg,1280,720,knife,685,293,762,381
DefenseKnifeAttack0103.jpg.jpg,1280,720,knife,640,393,733,443
DSC_0012.JPG.jpg,1920,1280,knife,866,513,1174,588
DSC_0009.JPG.jpg,1920,1280,knife,982,503,1148,616
DSC_00071.JPG.jpg,1920,1281,knife,987,663,1136,759
DSC_0010.JPG.jpg,1920,1280,knife,1434,563,1632,791
DSC_00081.JPG.jpg,1920,1281,knife,1008,664,1168,754
DSC_0011.JPG.jpg,1920,1280,knife,1066,633,1322,774
DSC_00101.JPG.jpg,1920,1281,knife,1007,704,1074,879
DSC_00111.JPG.jpg,1920,1281,knife,1040,672,1114,880
DSC_0003.JPG.jpg,1920,1280,knife,765,747,890,948
DSC_00041.JPG.jpg,1920,1281,knife,850,927,985,1039
DSC_00031.JPG.jpg,1920,1281,knife,867,913,937,1070
DSC_0006.JPG.jpg,1920,1280,knife,905,286,1008,548
DSC_00051.JPG.jpg,1920,1281,knife,878,510,934,720
DSC_00021.JPG.jpg,1920,1281,knife,865,722,1039,826
DSC_0004.JPG.jpg,1920,1280,knife,635,433,751,616
DefenseKnifeAttack1123.jpg.jpg,1280,720,knife,515,408,598,492
DefenseKnifeAttack0209.jpg.jpg,1280,720,knife,385,484,561,542
DefenseKnifeAttack0838.jpg.jpg,1280,720,knife,331,627,528,711
DefenseKnifeAttack0842.jpg.jpg,1280,720,knife,408,521,578,666
DefenseKnifeAttack0940.jpg.jpg,1280,720,knife,791,384,912,497
DefenseKnifeAttack0898.jpg.jpg,1280,720,knife,198,562,367,626
DefenseKnifeAttack0824.jpg.jpg,1280,720,knife,538,459,688,614
DefenseKnifeAttack0886.jpg.jpg,1280,720,knife,301,546,472,635
DefenseKnifeAttack0731.jpg.jpg,1280,720,knife,519,601,699,667
DefenseKnifeAttack0798.jpg.jpg,1280,720,knife,463,565,669,627
DefenseKnifeAttack0666.jpg.jpg,1280,720,knife,311,253,457,666
DefenseKnifeAttack0567.jpg.jpg,1280,720,knife,430,419,844,598
DefenseKnifeAttack0667.jpg.jpg,1280,720,knife,325,265,454,669
DefenseKnifeAttack0517.jpg.jpg,1280,720,knife,123,606,315,695
DefenseKnifeAttack0690.jpg.jpg,1280,720,knife,477,445,562,533
DefenseKnifeAttack0563.jpg.jpg,1280,720,knife,270,371,440,490
DefenseKnifeAttack0700.jpg.jpg,1280,720,knife,573,478,661,521
DSC_00221.JPG.jpg,1920,1281,knife,900,550,1020,764
DSC_0026.JPG.jpg,1920,1280,knife,1034,454,1181,530
DSC_0024.JPG.jpg,1920,1280,knife,969,580,1073,696
DSC_00231.JPG.jpg,1920,1281,knife,897,551,1024,768
DSC_00251.JPG.jpg,1920,1281,knife,863,603,1075,717
DSC_0025.JPG.jpg,1920,1280,knife,1026,448,1134,563
DefenseKnifeAttack0795.jpg.jpg,1280,720,knife,318,579,534,635
DefenseKnifeAttack0779.jpg.jpg,1280,720,knife,354,561,560,627
DefenseKnifeAttack0782.jpg.jpg,1280,720,knife,418,597,622,652
DefenseKnifeAttack0734.jpg.jpg,1280,720,knife,469,577,659,636
DefenseKnifeAttack0792.jpg.jpg,1280,720,knife,359,527,551,591
DefenseKnifeAttack0784.jpg.jpg,1280,720,knife,418,590,622,646
DefenseKnifeAttack0762.jpg.jpg,1280,720,knife,543,461,715,561
DefenseKnifeAttack0756.jpg.jpg,1280,720,knife,440,584,621,646
DSC_00391.JPG.jpg,1920,1281,knife,908,631,951,743
DSC_0039.JPG.jpg,1920,1280,knife,729,498,1041,566
DSC_0039.JPG.jpg,1920,1280,knife,769,824,841,1028
DSC_00411.JPG.jpg,1920,1281,knife,845,494,1053,576
DSC_00381.JPG.jpg,1920,1281,knife,1203,203,1299,241
DSC_0038.JPG.jpg,1920,1280,knife,828,778,890,986
DSC_0038.JPG.jpg,1920,1280,knife,1111,689,1214,949
DSC_0041.JPG.jpg,1920,1280,knife,989,517,1080,756
DSC_00371.JPG.jpg,1920,1281,knife,1201,177,1299,219
DSC_0037.JPG.jpg,1920,1280,knife,930,642,1010,942
DSC_0032.JPG.jpg,1920,1280,knife,529,729,732,813
DSC_0007.JPG.jpg,1920,1280,knife,1041,658,1212,840
DSC_00291.JPG.jpg,1920,1281,knife,867,596,1086,683
DSC_00271.JPG.jpg,1920,1281,knife,867,604,1090,696
DSC_00311.JPG.jpg,1920,1281,knife,1002,892,1173,1003
DSC_0030.JPG.jpg,1920,1280,knife,811,726,948,789
DSC_0029.JPG.jpg,1920,1280,knife,1063,608,1121,803
DSC_0028.JPG.jpg,1920,1280,knife,1029,550,1178,611
DSC_00281.JPG.jpg,1920,1281,knife,873,643,1106,694
DSC_00211.JPG.jpg,1920,1281,knife,898,510,970,750
DSC_0020.JPG.jpg,1920,1280,knife,1115,769,1253,838
DSC_0018.JPG.jpg,1920,1280,knife,620,714,811,863
DSC_00171.JPG.jpg,1920,1281,knife,873,516,929,713
DSC_00191.JPG.jpg,1920,1281,knife,915,505,974,697
DSC_0019.JPG.jpg,1920,1280,knife,1101,718,1289,773
DSC_0027.JPG.jpg,1920,1280,knife,993,523,1177,654
DefenseKnifeAttack1315.jpg.jpg,1280,720,knife,370,39,557,114
DefenseKnifeAttack1327.jpg.jpg,1280,720,knife,453,87,634,185
DefenseKnifeAttack1427.jpg.jpg,1280,720,knife,628,246,725,348
DSC_00011.JPG.jpg,1920,1281,knife,1022,672,1181,748
DefenseKnifeAttack1422.jpg.jpg,1280,720,knife,472,123,633,214
DefenseKnifeAttack1420.jpg.jpg,1280,720,knife,421,126,580,214
DefenseKnifeAttack1318.jpg.jpg,1280,720,knife,391,29,579,113
DSC_0001.JPG.jpg,1920,1280,knife,873,651,1079,758
DSC_0015.JPG.jpg,1920,1280,knife,775,637,1228,793
DSC_00121.JPG.jpg,1920,1281,knife,1005,517,1081,656
DSC_00131.JPG.jpg,1920,1281,knife,895,983,1035,1036
DSC_0016.JPG.jpg,1920,1280,knife,833,642,1059,741
DSC_00141.JPG.jpg,1920,1281,knife,961,545,1087,591
DefenseKnifeAttack1312.jpg.jpg,1280,720,knife,351,37,550,113
DefenseKnifeAttack0476.jpg.jpg,1280,720,knife,430,482,582,646
knifeDefenseTechnique073.jpg.jpg,1280,720,knife,498,242,688,503
knifeDefenseTechnique068.jpg.jpg,1280,720,knife,682,188,837,420
KnifeDefenseKrav249.jpg.jpg,1280,720,knife,828,398,917,527
knifeDefenseTechnique013.jpg.jpg,1280,720,knife,644,271,722,408
knifeDefenseTechnique011.jpg.jpg,1280,720,knife,676,258,740,382
KnifeDefenseKrav228.jpg.jpg,1280,720,knife,708,311,834,425
knifeDefenseTechnique070.jpg.jpg,1280,720,knife,669,217,821,465
knifeDefenseTechnique069.jpg.jpg,1280,720,knife,669,219,802,461
KnifeDefenseKrav188.jpg.jpg,1280,720,knife,795,36,897,108
knife_100.jpg.jpg,424,270,knife,8,39,302,207
knifeDefenseTechnique116.jpg.jpg,1280,720,knife,669,318,767,494
knifeDefenseTechnique108.jpg.jpg,1280,720,knife,818,348,988,598
knife_1.jpg.jpg,655,438,knife,51,108,587,379
knife_1000.jpg.jpg,1280,720,knife,223,396,318,586
knifeDefenseTechnique111.jpg.jpg,1280,720,knife,762,277,882,513
knife_10.jpg.jpg,457,372,knife,118,7,324,240
knifeDefenseTechnique109.jpg.jpg,1280,720,knife,778,307,914,533
KnifeDefenseKrav184.jpg.jpg,1280,720,knife,861,48,972,119
DSC_00601.JPG.jpg,1920,1281,knife,503,821,895,992
DSC_0057.JPG.jpg,1920,1280,knife,700,765,953,1024
DSC_0057.JPG.jpg,1920,1280,knife,841,656,1223,897
DSC_0061.JPG.jpg,1920,1281,knife,824,578,976,995
DSC_0062.JPG.jpg,1920,1280,knife,1049,667,1344,764
KnifeDefenseKrav026.jpg.jpg,1280,720,knife,561,20,703,96
DSC_0058.JPG.jpg,1920,1280,knife,812,503,1132,1025
DSC_00401.JPG.jpg,1920,1281,knife,862,431,1045,699
DefenseKnifeAttack0511.jpg.jpg,1280,720,knife,221,458,419,568
DefenseKnifeAttack0942.jpg.jpg,1280,720,knife,785,384,909,498
DefenseKnifeAttack1246.jpg.jpg,1280,720,knife,521,35,750,129
DefenseKnifeAttack1190.jpg.jpg,1280,720,knife,569,503,672,550
DefenseKnifeAttack1223.jpg.jpg,1280,720,knife,596,398,801,494
DefenseKnifeAttack1222.jpg.jpg,1280,720,knife,596,394,786,488
DefenseKnifeAttack1224.jpg.jpg,1280,720,knife,607,414,800,504
DefenseKnifeAttack1217.jpg.jpg,1280,720,knife,912,214,979,413
DefenseKnifeAttack1310.jpg.jpg,1280,720,knife,344,46,547,126
DSC_00571.JPG.jpg,1920,1281,knife,639,670,719,891
DefenseKnifeAttack0423.jpg.jpg,1280,720,knife,345,601,541,692
DefenseKnifeAttack0426.jpg.jpg,1280,720,knife,356,608,544,699
DefenseKnifeAttack0443.jpg.jpg,1280,720,knife,410,534,527,707
DefenseKnifeAttack0399.jpg.jpg,1280,720,knife,295,522,503,603
DefenseKnifeAttack0428.jpg.jpg,1280,720,knife,354,598,541,693
DefenseKnifeAttack0401.jpg.jpg,1280,720,knife,430,488,630,595
DefenseKnifeAttack0419.jpg.jpg,1280,720,knife,326,608,523,688
DefenseKnifeAttack0377.jpg.jpg,1280,720,knife,145,529,340,611
DSC_00331.JPG.jpg,1920,1281,knife,861,417,1051,538
DSC_0033.JPG.jpg,1920,1280,knife,514,732,730,826
DSC_0035.JPG.jpg,1920,1280,knife,673,615,726,834
DSC_00351.JPG.jpg,1920,1281,knife,972,308,1108,403
DSC_00341.JPG.jpg,1920,1281,knife,949,315,1036,466
DSC_00321.JPG.jpg,1920,1281,knife,1015,743,1062,955
DSC_00521.JPG.jpg,1920,1281,knife,545,558,860,660
DSC_00531.JPG.jpg,1920,1281,knife,572,611,717,756
DSC_0055.JPG.jpg,1920,1280,knife,822,631,1090,789
DSC_0054.JPG.jpg,1920,1280,knife,891,589,1074,806
DSC_0056.JPG.jpg,1920,1280,knife,929,776,1100,836
DSC_0047.JPG.jpg,1920,1280,knife,949,755,1019,1050
DSC_00471.JPG.jpg,1920,1281,knife,888,777,1003,1010
DSC_0049.JPG.jpg,1920,1280,knife,895,882,959,1126
DSC_0048.JPG.jpg,1920,1280,knife,882,788,959,1008
DSC_00491.JPG.jpg,1920,1281,knife,528,755,753,818
DSC_00511.JPG.jpg,1920,1281,knife,590,496,662,730
DSC_0050.JPG.jpg,1920,1280,knife,867,614,1033,888
DSC_00481.JPG.jpg,1920,1281,knife,517,790,830,925
DSC_00421.JPG.jpg,1920,1281,knife,913,505,1089,634
DSC_0046.JPG.jpg,1920,1280,knife,943,681,1061,952
DSC_0043.JPG.jpg,1920,1280,knife,112,870,375,940
DSC_0043.JPG.jpg,1920,1280,knife,1103,869,1257,976
DSC_00451.JPG.jpg,1920,1281,knife,734,563,1157,681
knife_1020.jpg.jpg,1280,720,knife,530,135,988,458
knife_1023.jpg.jpg,1280,720,knife,201,38,530,507
knife_1024.jpg.jpg,1280,720,knife,1,261,632,549
knife_1019.jpg.jpg,1280,720,knife,448,492,554,664
knife_1018.jpg.jpg,1280,720,knife,605,394,687,541
knife_1022.jpg.jpg,1280,720,knife,544,274,713,385
knife_1025.jpg.jpg,1280,720,knife,829,288,958,516
knife_1021.jpg.jpg,1280,720,knife,544,191,623,313
knife_1065.jpg.jpg,1280,720,knife,289,81,885,527
knife_1067.jpg.jpg,1280,720,knife,265,59,577,482
knife_1069.jpg.jpg,1280,720,knife,386,329,652,658
knife_107.jpg.jpg,540,370,knife,73,65,296,291
knife_1063.jpg.jpg,1280,720,knife,462,135,661,403
knife_1068.jpg.jpg,1280,720,knife,55,55,443,415
knife_1066.jpg.jpg,1280,720,knife,83,1,395,531
knife_1064.jpg.jpg,1280,720,knife,458,271,566,463
knife_1001.jpg.jpg,1280,720,knife,138,569,263,720
DSC_0070.JPG.jpg,1920,1281,knife,885,676,998,961
DSC_0065.JPG.jpg,1920,1280,knife,690,925,1028,1171
DSC_0069.JPG.jpg,1920,1281,knife,623,768,710,865
KnifeDefenseKrav022.jpg.jpg,1280,720,knife,569,21,711,101
DSC_0066.JPG.jpg,1920,1280,knife,648,959,868,1098
DSC_0067.JPG.jpg,1920,1280,knife,770,850,830,1041
KnifeDefenseKrav048.jpg.jpg,1280,720,knife,543,40,684,116
KnifeDefenseKrav030.jpg.jpg,1280,720,knife,559,27,707,107
KnifeDefenseKrav078.jpg.jpg,1280,720,knife,211,298,292,398
KnifeDefenseKrav062.jpg.jpg,1280,720,knife,508,62,659,148
KnifeDefenseKrav054.jpg.jpg,1280,720,knife,551,38,697,119
KnifeDefenseKrav047.jpg.jpg,1280,720,knife,539,41,686,118
knife_106.jpg.jpg,1000,756,knife,90,11,862,731
knife_1061.jpg.jpg,1280,720,knife,623,403,763,567
knife_1059.jpg.jpg,1280,720,knife,162,147,607,518
knife_1054.jpg.jpg,1280,720,knife,586,345,949,564
knife_1057.jpg.jpg,1280,720,knife,501,65,765,243
knife_1060.jpg.jpg,1280,720,knife,459,297,905,471
knife_1058.jpg.jpg,1280,720,knife,483,229,669,418
knife_1062.jpg.jpg,1280,720,knife,551,169,669,251
knife_1053.jpg.jpg,1280,720,knife,654,66,1087,533
DSC_0052.JPG.jpg,1920,1280,knife,859,431,1108,836
knife_1038.jpg.jpg,1280,720,knife,661,25,1063,141
knife_1043.jpg.jpg,1280,720,knife,158,398,1243,697
knife_1040.jpg.jpg,1280,720,knife,142,498,463,681
knife_1036.jpg.jpg,1280,720,knife,562,163,723,257
knife_1037.jpg.jpg,1280,720,knife,369,343,642,685
knife_1041.jpg.jpg,1280,720,knife,458,467,762,654
knife_1042.jpg.jpg,1280,720,knife,225,481,371,577
knife_104.jpg.jpg,508,400,knife,73,19,406,323
knife_1035.jpg.jpg,1280,720,knife,177,387,473,557
DSC_0042.JPG.jpg,1920,1280,knife,1012,758,1058,967
knife_1014.jpg.jpg,1280,720,knife,302,349,418,554
knife_1003.jpg.jpg,1280,720,knife,260,229,355,417
knife_1016.jpg.jpg,1280,720,knife,235,566,362,720
knife_1011.jpg.jpg,1280,720,knife,299,327,430,511
knife_1006.jpg.jpg,1280,720,knife,169,589,308,720
knife_1012.jpg.jpg,1280,720,knife,285,291,437,501
knife_1017.jpg.jpg,1280,720,knife,919,279,1023,544
knife_1008.jpg.jpg,1280,720,knife,222,402,320,609
knife_1026.jpg.jpg,1280,720,knife,434,265,1036,445
DefenseKnifeAttack1071.jpg.jpg,1280,720,knife,496,465,576,549
knife_1093.jpg.jpg,1280,720,knife,513,281,585,405
knife_1095.jpg.jpg,1280,720,knife,93,31,438,594
knife_1092.jpg.jpg,1280,720,knife,243,127,639,453
knife_1094.jpg.jpg,1280,720,knife,717,43,1134,203
DSC_0063.JPG.jpg,1920,1280,knife,683,968,840,1188
knife_1046.jpg.jpg,1280,720,knife,919,275,1013,515
knife_1048.jpg.jpg,1280,720,knife,581,258,743,403
knife_1051.jpg.jpg,1280,720,knife,423,250,643,467
knife_1049.jpg.jpg,1280,720,knife,425,550,683,654
knife_1050.jpg.jpg,1280,720,knife,586,417,844,543
knife_105.jpg.jpg,279,207,knife,88,34,225,157
knife_1047.jpg.jpg,1280,720,knife,111,43,446,585
knife_1080.jpg.jpg,1280,720,knife,17,1,403,509
knife_1178.jpg.jpg,1280,720,knife,629,328,725,476
knife_1178.jpg.jpg,1280,720,knife,742,311,835,477
knife_1147.jpg.jpg,1280,720,knife,230,127,726,581
knife_1083.jpg.jpg,1280,720,knife,865,315,957,543
knife_1087.jpg.jpg,1280,720,knife,26,183,581,553
knife_1088.jpg.jpg,1280,720,knife,606,215,714,401
knife_1085.jpg.jpg,1280,720,knife,326,333,1202,616
knife_1082.jpg.jpg,1280,720,knife,1,49,441,531
knife_1084.jpg.jpg,1280,720,knife,325,233,502,571
knife_1081.jpg.jpg,1280,720,knife,1,1,321,599
knife_1089.jpg.jpg,1280,720,knife,739,13,1174,554
knife_1166.jpg.jpg,1280,720,knife,273,263,425,440
knife_1161.jpg.jpg,1280,720,knife,306,181,540,423
knife_117.jpg.jpg,433,322,knife,81,9,130,285
knife_1167.jpg.jpg,1280,720,knife,742,468,821,633
knife_1165.jpg.jpg,1280,720,knife,386,504,643,610
knife_1169.jpg.jpg,1280,720,knife,398,266,575,403
knife_1168.jpg.jpg,1280,720,knife,490,466,603,566
knife_1164.jpg.jpg,1280,720,knife,700,266,909,357
knife_1099.jpg.jpg,1280,720,knife,693,383,786,654
knife_1170.jpg.jpg,1280,720,knife,393,474,670,623
knife_1091.jpg.jpg,1280,720,knife,177,197,734,514
knife_1149.jpg.jpg,1280,720,knife,763,555,899,693
knife_1150.jpg.jpg,1280,720,knife,98,183,701,506
knife_1148.jpg.jpg,1280,720,knife,950,277,1034,503
knife_1144.jpg.jpg,1280,720,knife,509,427,733,623
knife_115.jpg.jpg,405,276,knife,169,102,364,229
knife_1151.jpg.jpg,1280,720,knife,271,353,1205,617
knife_1145.jpg.jpg,1280,720,knife,449,413,747,633
knife_1070.jpg.jpg,1280,720,knife,322,343,559,613
knife_1134.jpg.jpg,1280,720,knife,895,294,977,515
knife_1122.jpg.jpg,1280,720,knife,169,1,585,530
knife_1117.jpg.jpg,1280,720,knife,323,218,490,478
knife_1121.jpg.jpg,1280,720,knife,418,410,663,493
knife_1123.jpg.jpg,1280,720,knife,394,350,575,501
knife_1124.jpg.jpg,1280,720,knife,555,169,638,277
knife_1152.jpg.jpg,1280,720,knife,405,358,638,655
knife_1143.jpg.jpg,1280,720,knife,917,283,1001,515
knife_1139.jpg.jpg,1280,720,knife,879,308,957,517
knife_1142.jpg.jpg,1280,720,knife,553,369,825,643
knife_1138.jpg.jpg,1280,720,knife,503,210,773,421
knife_114.jpg.jpg,2832,2128,knife,1,692,2744,1437
knife_1135.jpg.jpg,1280,720,knife,185,174,650,523
knife_1136.jpg.jpg,1280,720,knife,73,242,654,590
knife_1137.jpg.jpg,1280,720,knife,157,37,485,625
knife_1141.jpg.jpg,1280,720,knife,202,82,526,458
knife_1140.jpg.jpg,1280,720,knife,939,294,1041,531
knife_1125.jpg.jpg,1280,720,knife,267,85,634,450
knife_1128.jpg.jpg,1280,720,knife,586,425,795,547
knife_1131.jpg.jpg,1280,720,knife,93,130,567,538
knife_1126.jpg.jpg,1280,720,knife,559,138,1001,430
knife_1132.jpg.jpg,1280,720,knife,398,361,1071,703
knife_1129.jpg.jpg,1280,720,knife,917,369,1082,481
knife_1130.jpg.jpg,1280,720,knife,85,53,471,433
knife_1133.jpg.jpg,1280,720,knife,118,185,603,566
knife_1127.jpg.jpg,1280,720,knife,447,290,1023,443
knife_1107.jpg.jpg,1280,720,knife,358,141,759,478
knife_1106.jpg.jpg,1280,720,knife,545,398,825,530
knife_1116.jpg.jpg,1280,720,knife,419,490,510,630
knife_1115.jpg.jpg,1280,720,knife,213,407,1180,720
knife_111.jpg.jpg,833,529,knife,593,5,690,409
knife_1113.jpg.jpg,1280,720,knife,557,263,661,373
knife_1111.jpg.jpg,1280,720,knife,1033,263,1231,371
knife_1109.jpg.jpg,1280,720,knife,75,73,493,434
knife_1110.jpg.jpg,1280,720,knife,335,339,612,637
knife_1114.jpg.jpg,1280,720,knife,1,33,413,487
knife_1260.jpg.jpg,1280,720,knife,363,244,522,420
knife_1251.jpg.jpg,1280,720,knife,305,240,448,390
knife_1177.jpg.jpg,1280,720,knife,603,508,765,596
knife_1176.jpg.jpg,1280,720,knife,480,424,585,536
knife_1172.jpg.jpg,1280,720,knife,630,310,818,437
knife_1175.jpg.jpg,1280,720,knife,573,321,670,447
knife_1179.jpg.jpg,1280,720,knife,256,231,442,430
knife_1242.jpg.jpg,1280,720,knife,630,320,720,463
knife_1242.jpg.jpg,1280,720,knife,730,320,845,480
knife_1222.jpg.jpg,1280,720,knife,632,307,829,467
knife_1220.jpg.jpg,1280,720,knife,458,503,649,680
knife_1217.jpg.jpg,1280,720,knife,609,273,702,450
knife_1217.jpg.jpg,1280,720,knife,722,329,861,484
knife_1219.jpg.jpg,1280,720,knife,945,161,1023,354
knife_1216.jpg.jpg,1280,720,knife,878,131,1093,548
knife_1216.jpg.jpg,1280,720,knife,720,218,810,406
knife_1216.jpg.jpg,1280,720,knife,592,166,700,406
knife_1221.jpg.jpg,1280,720,knife,558,108,689,381
knife_1206.jpg.jpg,1280,720,knife,552,141,693,338
knife_1224.jpg.jpg,1280,720,knife,756,293,920,430
knife_124.jpg.jpg,327,262,knife,58,49,211,248
knife_1236.jpg.jpg,1280,720,knife,380,214,568,551
knife_1236.jpg.jpg,1280,720,knife,605,167,723,423
knife_1236.jpg.jpg,1280,720,knife,743,217,836,428
knife_1240.jpg.jpg,1280,720,knife,245,371,425,463
knife_1235.jpg.jpg,1280,720,knife,650,248,866,363
knife_1241.jpg.jpg,1280,720,knife,182,527,465,611
knife_1239.jpg.jpg,1280,720,knife,722,184,863,323
knife_1238.jpg.jpg,1280,720,knife,740,425,832,631
knife_1237.jpg.jpg,1280,720,knife,646,373,892,511
knife_1233.jpg.jpg,1280,720,knife,758,323,919,451
knife_1156.jpg.jpg,1280,720,knife,909,290,1007,506
knife_1153.jpg.jpg,1280,720,knife,566,450,788,547
knife_1159.jpg.jpg,1280,720,knife,343,255,738,435
knife_116.jpg.jpg,1066,720,knife,287,40,1016,681
knife_1154.jpg.jpg,1280,720,knife,762,526,902,686
knife_1160.jpg.jpg,1280,720,knife,342,360,512,487
knife_1155.jpg.jpg,1280,720,knife,915,271,1002,501
knife_1158.jpg.jpg,1280,720,knife,810,23,1131,142
knife_1157.jpg.jpg,1280,720,knife,583,149,751,238
knife_1181.jpg.jpg,1280,720,knife,629,78,828,296
knife_1186.jpg.jpg,1280,720,knife,326,227,443,427
knife_1184.jpg.jpg,1280,720,knife,265,251,455,404
knife_1185.jpg.jpg,1280,720,knife,612,250,709,431
knife_1188.jpg.jpg,1280,720,knife,678,193,855,350
knife_1182.jpg.jpg,1280,720,knife,826,343,960,493
knife_1187.jpg.jpg,1280,720,knife,618,337,729,426
knife_1180.jpg.jpg,1280,720,knife,598,328,728,430
knife_1183.jpg.jpg,1280,720,knife,589,316,675,473
knife_1205.jpg.jpg,1280,720,knife,443,527,673,667
knife_1199.jpg.jpg,1280,720,knife,376,302,597,417
knife_1204.jpg.jpg,1280,720,knife,812,334,943,491
knife_120.jpg.jpg,636,481,knife,136,31,321,458
knife_1203.jpg.jpg,1280,720,knife,618,274,695,451
knife_1202.jpg.jpg,1280,720,knife,599,506,769,606
knife_1201.jpg.jpg,1280,720,knife,435,574,625,700
knife_1189.jpg.jpg,1280,720,knife,265,243,442,413
knife_1200.jpg.jpg,1280,720,knife,572,474,705,566
knife_121.jpg.jpg,736,723,knife,216,151,720,718
knife_1210.jpg.jpg,1280,720,knife,438,521,623,661
knife_1214.jpg.jpg,1280,720,knife,580,467,732,613
knife_1213.jpg.jpg,1280,720,knife,725,204,829,441
knife_1207.jpg.jpg,1280,720,knife,738,433,818,634
knife_1208.jpg.jpg,1280,720,knife,278,357,546,484
knife_1197.jpg.jpg,1280,720,knife,382,267,620,397
knife_1194.jpg.jpg,1280,720,knife,612,267,1103,456
knife_1193.jpg.jpg,1280,720,knife,285,363,548,488
knife_1192.jpg.jpg,1280,720,knife,619,364,838,464
knife_1195.jpg.jpg,1280,720,knife,326,366,568,461
knife_119.jpg.jpg,572,393,knife,90,133,555,282
knife_1190.jpg.jpg,1280,720,knife,249,283,429,430
knife_1196.jpg.jpg,1280,720,knife,653,294,798,467
knife_1198.jpg.jpg,1280,720,knife,595,327,736,430
knife_1320.jpg.jpg,1280,720,knife,486,204,608,415
knife_1319.jpg.jpg,1280,720,knife,608,374,687,536
knife_1316.jpg.jpg,1280,720,knife,80,427,241,488
knife_1321.jpg.jpg,1280,720,knife,611,128,692,288
knife_1321.jpg.jpg,1280,720,knife,692,86,735,309
knife_1318.jpg.jpg,1280,720,knife,508,394,715,507
knife_1315.jpg.jpg,1280,720,knife,912,198,1003,358
knife_1317.jpg.jpg,1280,720,knife,844,264,915,427
knife_1286.jpg.jpg,1280,720,knife,684,146,747,349
knife_1287.jpg.jpg,1280,720,knife,930,125,1036,265
knife_1282.jpg.jpg,1280,720,knife,657,200,765,353
knife_1281.jpg.jpg,1280,720,knife,408,336,487,413
knife_128.jpg.jpg,625,442,knife,343,112,456,305
knife_1284.jpg.jpg,1280,720,knife,472,276,541,391
knife_1323.jpg.jpg,1280,720,knife,309,489,396,646
knife_1314.jpg.jpg,1280,720,knife,623,207,744,370
knife_1311.jpg.jpg,1280,720,knife,399,194,638,282
knife_118.jpg.jpg,565,379,knife,68,143,454,217
knife_1309.jpg.jpg,1280,720,knife,511,198,597,395
knife_1306.jpg.jpg,1280,720,knife,695,244,811,413
knife_1313.jpg.jpg,1280,720,knife,657,349,864,447
knife_1307.jpg.jpg,1280,720,knife,615,155,754,340
knife_1312.jpg.jpg,1280,720,knife,493,264,611,409
knife_1308.jpg.jpg,1280,720,knife,472,339,639,444
knife_1299.jpg.jpg,1280,720,knife,493,216,557,347
knife_1305.jpg.jpg,1280,720,knife,274,397,409,516
knife_1304.jpg.jpg,1280,720,knife,351,253,477,397
knife_130.jpg.jpg,395,278,knife,64,164,338,247
knife_1303.jpg.jpg,1280,720,knife,424,201,603,365
knife_1300.jpg.jpg,1280,720,knife,430,428,518,580
knife_1298.jpg.jpg,1280,720,knife,700,186,909,271
knife_1301.jpg.jpg,1280,720,knife,968,176,1051,316
knife_1229.jpg.jpg,1280,720,knife,698,266,890,366
knife_123.jpg.jpg,584,445,knife,136,5,219,439
knife_1227.jpg.jpg,1280,720,knife,720,203,849,386
knife_1226.jpg.jpg,1280,720,knife,623,346,775,457
knife_1232.jpg.jpg,1280,720,knife,455,428,578,541
knife_1231.jpg.jpg,1280,720,knife,600,333,732,420
knife_1289.jpg.jpg,1280,720,knife,475,142,584,373
knife_1292.jpg.jpg,1280,720,knife,908,242,977,403
knife_1290.jpg.jpg,1280,720,knife,459,246,539,401
knife_1296.jpg.jpg,1280,720,knife,605,268,829,333
knife_1295.jpg.jpg,1280,720,knife,590,203,727,333
knife_129.jpg.jpg,523,339,knife,128,99,442,277
knife_1291.jpg.jpg,1280,720,knife,647,288,792,427
knife_1293.jpg.jpg,1280,720,knife,633,127,697,273
knife_1293.jpg.jpg,1280,720,knife,712,147,780,361
knife_1297.jpg.jpg,1280,720,knife,384,427,511,555
knife_1215.jpg.jpg,1280,720,knife,686,251,839,463
knife_1162.jpg.jpg,1280,720,knife,850,176,1058,491
knife_1162.jpg.jpg,1280,720,knife,716,211,820,438
knife_1162.jpg.jpg,1280,720,knife,585,166,700,428
knife_1288.jpg.jpg,1280,720,knife,505,295,623,436
knife_1275.jpg.jpg,1280,720,knife,569,165,671,297
knife_1275.jpg.jpg,1280,720,knife,699,318,771,452
knife_1278.jpg.jpg,1280,720,knife,372,73,512,168
knife_1276.jpg.jpg,1280,720,knife,380,403,489,555
knife_1270.jpg.jpg,1280,720,knife,669,115,747,294
knife_1277.jpg.jpg,1280,720,knife,903,98,1018,242
knife_1271.jpg.jpg,1280,720,knife,575,188,700,373
knife_1283.jpg.jpg,1280,720,knife,329,582,495,653
knife_1285.jpg.jpg,1280,720,knife,511,253,612,427
knife_1280.jpg.jpg,1280,720,knife,547,171,720,319
knife_1279.jpg.jpg,1280,720,knife,972,276,1047,427
DSC_00161.JPG.jpg,1920,1281,knife,874,487,954,696
DSC_0013.JPG.jpg,1920,1280,knife,803,375,897,621
knife_1273.jpg.jpg,1280,720,knife,221,250,389,385
knife_1272.jpg.jpg,1280,720,knife,617,121,668,288
knife_1272.jpg.jpg,1280,720,knife,678,236,757,416
knife_1250.jpg.jpg,1280,720,knife,628,466,750,560
knife_1244.jpg.jpg,1280,720,knife,568,463,732,537
knife_1249.jpg.jpg,1280,720,knife,646,351,728,464
knife_1249.jpg.jpg,1280,720,knife,760,347,849,503
knife_1245.jpg.jpg,1280,720,knife,636,296,768,476
knife_1247.jpg.jpg,1280,720,knife,365,416,442,500
knife_1247.jpg.jpg,1280,720,knife,470,207,566,383
knife_1243.jpg.jpg,1280,720,knife,602,264,1089,467
knife_1248.jpg.jpg,1280,720,knife,688,204,899,344
knife_127.jpg.jpg,800,525,knife,44,24,632,501
knife_1266.jpg.jpg,1280,720,knife,366,463,575,570
knife_1261.jpg.jpg,1280,720,knife,369,381,545,470
knife_1262.jpg.jpg,1280,720,knife,463,461,585,574
knife_1264.jpg.jpg,1280,720,knife,896,187,1030,340
knife_1269.jpg.jpg,1280,720,knife,541,228,684,309
knife_1265.jpg.jpg,1280,720,knife,699,281,832,453
knife_1267.jpg.jpg,1280,720,knife,588,253,699,444
knife_1263.jpg.jpg,1280,720,knife,502,453,613,557
knife_145.jpg.jpg,438,269,knife,10,96,391,196
knife_151.jpg.jpg,592,400,knife,52,192,592,353
knife_150.jpg.jpg,557,379,knife,270,122,319,177
knife_150.jpg.jpg,557,379,knife,147,163,207,190
knife_146.jpg.jpg,627,457,knife,152,56,265,438
knife_147.jpg.jpg,376,258,knife,27,42,224,244
knife_148.jpg.jpg,407,275,knife,175,7,385,224
knife_152.jpg.jpg,407,270,knife,17,24,379,270
knife_149.jpg.jpg,350,234,knife,99,109,341,176
knife_154.jpg.jpg,170,119,knife,68,26,118,79
knife_158.jpg.jpg,420,315,knife,31,10,350,315
knife_160.jpg.jpg,646,400,knife,9,15,619,346
knife_155.jpg.jpg,728,485,knife,108,85,689,372
knife_161.jpg.jpg,914,638,knife,20,1,746,458
knife_157.jpg.jpg,512,350,knife,191,78,356,349
knife_159.jpg.jpg,400,267,knife,94,33,324,247
knife_16.jpg.jpg,508,404,knife,54,27,351,325
knife_156.jpg.jpg,450,380,knife,187,66,308,366
knife_1228.jpg.jpg,1280,720,knife,502,507,698,580
knife_153.jpg.jpg,607,400,knife,10,52,493,372
knife_136.jpg.jpg,1280,942,knife,238,89,852,742
knife_139.jpg.jpg,1214,720,knife,1,61,1203,574
knife_140.jpg.jpg,267,186,knife,118,38,206,108
knife_141.jpg.jpg,395,271,knife,67,92,357,172
knife_143.jpg.jpg,450,383,knife,169,7,395,359
knife_14.jpg.jpg,1046,1034,knife,176,1,759,1013
knife_137.jpg.jpg,586,400,knife,36,31,429,335
knife_142.jpg.jpg,364,285,knife,121,15,359,202
knife_1347.jpg.jpg,1280,720,knife,414,415,577,506
knife_144.jpg.jpg,617,360,knife,1,69,519,282
knife_133.jpg.jpg,2000,1333,knife,768,89,1402,1101
knife_1350.jpg.jpg,1280,720,knife,486,203,692,322
knife_1341.jpg.jpg,1280,720,knife,492,192,593,392
knife_1337.jpg.jpg,1280,720,knife,369,249,527,337
knife_1335.jpg.jpg,1280,720,knife,699,206,792,368
knife_1333.jpg.jpg,1280,720,knife,697,195,765,382
knife_1340.jpg.jpg,1280,720,knife,671,309,833,477
knife_1334.jpg.jpg,1280,720,knife,484,159,565,376
knife_134.jpg.jpg,864,670,knife,516,176,677,588
knife_1326.jpg.jpg,1280,720,knife,778,330,847,498
knife_1325.jpg.jpg,1280,720,knife,186,255,318,385
knife_1330.jpg.jpg,1280,720,knife,414,344,583,436
knife_1327.jpg.jpg,1280,720,knife,812,321,880,495
knife_1328.jpg.jpg,1280,720,knife,672,146,756,312
knife_1329.jpg.jpg,1280,720,knife,421,95,571,267
knife_1324.jpg.jpg,1280,720,knife,695,495,871,615
knife_190.jpg.jpg,609,434,knife,19,71,282,306
knife_209.jpg.jpg,450,300,knife,1,1,356,270
knife_222.jpg.jpg,592,400,knife,20,17,384,265
knife_226.jpg.jpg,1024,719,knife,229,6,747,597
knife_217.jpg.jpg,237,172,knife,58,30,157,112
knife_213.jpg.jpg,792,625,knife,175,60,630,499
knife_214.jpg.jpg,480,376,knife,94,44,463,275
knife_21.jpg.jpg,163,125,knife,72,39,122,61
knife_211.jpg.jpg,946,608,knife,86,113,572,386
knife_210.jpg.jpg,261,197,knife,40,25,212,186
knife_212.jpg.jpg,728,486,knife,274,21,478,417
knife_215.jpg.jpg,383,256,knife,73,107,361,216
knife_20.jpg.jpg,1108,758,knife,327,185,883,573
knife_19.jpg.jpg,451,295,knife,314,81,393,110
knife_182.jpg.jpg,584,452,knife,111,68,196,425
knife_183.jpg.jpg,602,431,knife,16,25,308,122
knife_188.jpg.jpg,598,393,knife,44,20,175,301
knife_187.jpg.jpg,279,180,knife,12,7,236,159
knife_186.jpg.jpg,938,696,knife,165,27,599,627
knife_184.jpg.jpg,482,330,knife,194,130,442,277
knife_198.jpg.jpg,541,534,knife,182,13,299,348
knife_195.jpg.jpg,565,406,knife,294,63,557,406
knife_199.jpg.jpg,516,290,knife,82,65,516,290
knife_197.jpg.jpg,300,284,knife,68,59,200,284
knife_2.jpg.jpg,439,294,knife,1,52,400,263
knife_193.jpg.jpg,354,244,knife,193,29,310,176
knife_192.jpg.jpg,799,600,knife,108,10,769,553
knife_191.jpg.jpg,640,555,knife,37,4,599,555
knife_1252.jpg.jpg,1280,720,knife,558,313,688,451
knife_1258.jpg.jpg,1280,720,knife,362,293,469,413
knife_1253.jpg.jpg,1280,720,knife,620,287,703,444
knife_1257.jpg.jpg,1280,720,knife,653,311,799,468
knife_1256.jpg.jpg,1280,720,knife,699,253,896,358
knife_1254.jpg.jpg,1280,720,knife,953,198,1045,356
knife_126.jpg.jpg,647,443,knife,1,73,613,355
knife_1259.jpg.jpg,1280,720,knife,339,326,525,468
knife_180.jpg.jpg,1600,1064,knife,138,263,1193,927
knife_110.jpg.jpg,640,360,knife,139,98,624,339
knife_1104.jpg.jpg,1280,720,knife,578,151,735,229
knife_1105.jpg.jpg,1280,720,knife,1,61,546,720
knife_1102.jpg.jpg,1280,720,knife,607,198,727,413
knife_11.jpg.jpg,1388,946,knife,44,35,1089,931
knife_1101.jpg.jpg,1280,720,knife,111,9,489,555
knife_1100.jpg.jpg,1280,720,knife,441,197,650,473
knife_18.jpg.jpg,1098,727,knife,67,303,1030,630
knife_172.jpg.jpg,970,668,knife,28,54,936,655
knife_175.jpg.jpg,1180,720,knife,26,6,1179,402
knife_177.jpg.jpg,428,320,knife,7,50,426,230
knife_176.jpg.jpg,841,545,knife,27,1,579,497
knife_178.jpg.jpg,900,563,knife,195,57,723,507
knife_173.jpg.jpg,297,189,knife,109,83,168,157
knife_173.jpg.jpg,297,189,knife,35,128,95,180
knife_179.jpg.jpg,620,412,knife,22,19,589,412
knife_174.jpg.jpg,364,269,knife,70,107,358,193
knife_1074.jpg.jpg,1280,720,knife,389,301,654,571
knife_1079.jpg.jpg,1280,720,knife,562,321,802,551
knife_1075.jpg.jpg,1280,720,knife,103,482,373,681
knife_1078.jpg.jpg,1280,720,knife,197,365,1195,667
knife_1076.jpg.jpg,1280,720,knife,334,511,449,709
knife_1077.jpg.jpg,1280,720,knife,86,59,474,427
knife_1073.jpg.jpg,1280,720,knife,263,210,747,506
knife_108.jpg.jpg,233,167,knife,59,33,95,163
knife_108.jpg.jpg,233,167,knife,110,28,168,140
knife_1072.jpg.jpg,1280,720,knife,285,1,697,670
knife_171.jpg.jpg,231,161,knife,83,76,197,100
knife_17.jpg.jpg,417,295,knife,179,21,254,295
knife_164.jpg.jpg,635,480,knife,16,23,612,465
knife_167.jpg.jpg,213,176,knife,3,4,162,174
knife_169.jpg.jpg,1024,683,knife,237,269,865,504
knife_170.jpg.jpg,247,170,knife,35,55,179,137
knife_163.jpg.jpg,400,346,knife,15,1,365,294
knife_162.jpg.jpg,294,208,knife,7,79,221,124
knife_165.jpg.jpg,640,431,knife,131,5,638,336
knife_284.jpg.jpg,400,315,knife,18,109,213,306
knife_281.jpg.jpg,500,347,knife,1,46,216,178
knife_264.jpg.jpg,1506,1052,knife,375,36,1119,686
knife_263.jpg.jpg,730,680,knife,87,181,257,542
knife_263.jpg.jpg,730,680,knife,436,365,645,677
knife_272.jpg.jpg,637,500,knife,22,122,495,473
knife_265.jpg.jpg,800,533,knife,27,206,457,453
knife_271.jpg.jpg,1089,726,knife,476,384,714,651
knife_266.jpg.jpg,896,579,knife,85,47,536,242
knife_267.jpg.jpg,570,428,knife,9,151,371,336
knife_27.jpg.jpg,236,189,knife,109,61,203,179
knife_268.jpg.jpg,340,253,knife,15,93,178,242
knife_270.jpg.jpg,1200,899,knife,722,401,1190,854
knife_250.jpg.jpg,480,339,knife,82,69,318,222
knife_253.jpg.jpg,450,368,knife,84,60,445,363
knife_246.jpg.jpg,1112,718,knife,87,89,780,520
knife_247.jpg.jpg,1016,762,knife,446,56,803,741
knife_25.jpg.jpg,614,400,knife,15,17,393,257
knife_251.jpg.jpg,625,582,knife,285,14,604,277
knife_248.jpg.jpg,320,213,knife,129,13,282,135
knife_125.jpg.jpg,224,170,knife,102,39,187,138
knife_258.jpg.jpg,679,504,knife,54,294,382,463
knife_260.jpg.jpg,1500,1176,knife,634,14,868,1041
knife_257.jpg.jpg,600,535,knife,139,1,418,284
knife_255.jpg.jpg,649,433,knife,244,160,419,411
knife_26.jpg.jpg,509,326,knife,185,22,253,136
knife_261.jpg.jpg,1200,899,knife,41,292,696,817
knife_256.jpg.jpg,1200,900,knife,22,319,657,796
knife_262.jpg.jpg,640,480,knife,1,200,301,447
knife_1044.jpg.jpg,1280,720,knife,250,109,855,513
knife_254.jpg.jpg,976,682,knife,208,283,941,505
knife_244.jpg.jpg,511,390,knife,94,90,350,380
knife_243.jpg.jpg,1224,720,knife,13,139,937,604
knife_24.jpg.jpg,287,213,knife,90,65,158,205
knife_237.jpg.jpg,328,249,knife,97,27,150,185
knife_240.jpg.jpg,416,310,knife,146,21,340,217
knife_241.jpg.jpg,866,630,knife,231,395,620,595
knife_239.jpg.jpg,279,200,knife,26,10,162,116
knife_224.jpg.jpg,304,215,knife,87,35,206,150
knife_225.jpg.jpg,1024,768,knife,318,131,1019,572
knife_219.jpg.jpg,726,468,knife,1,124,475,341
knife_221.jpg.jpg,1061,753,knife,72,157,706,512
knife_223.jpg.jpg,616,429,knife,36,22,393,390
knife_1030.jpg.jpg,1280,720,knife,457,263,539,471
knife_1029.jpg.jpg,1280,720,knife,546,150,661,246
knife_1032.jpg.jpg,1280,720,knife,202,21,639,621
knife_103.jpg.jpg,800,533,knife,242,188,754,410
knife_1027.jpg.jpg,1280,720,knife,138,186,749,538
knife_1031.jpg.jpg,1280,720,knife,489,415,751,537
knife_1033.jpg.jpg,1280,720,knife,453,563,667,625
knife_1028.jpg.jpg,1280,720,knife,607,400,690,541
knife_334.jpg.jpg,900,697,knife,1,15,403,333
knife_333.jpg.jpg,500,378,knife,2,164,238,371
knife_331.jpg.jpg,640,430,knife,9,232,341,422
knife_332.jpg.jpg,800,525,knife,402,180,739,328
knife_33.jpg.jpg,590,390,knife,36,62,386,240
knife_328.jpg.jpg,500,346,knife,1,186,238,346
knife_330.jpg.jpg,1600,1124,knife,491,262,999,787
knife_326.jpg.jpg,600,563,knife,47,3,315,231
knife_325.jpg.jpg,900,600,knife,392,250,861,567
knife_32.jpg.jpg,524,379,knife,43,74,397,270
knife_319.jpg.jpg,1000,954,knife,21,483,453,944
knife_323.jpg.jpg,640,432,knife,14,190,344,421
knife_318.jpg.jpg,228,164,knife,10,86,134,149
knife_322.jpg.jpg,600,399,knife,8,19,272,176
knife_324.jpg.jpg,640,480,knife,27,207,329,448
knife_317.jpg.jpg,532,360,knife,14,129,280,248
knife_1346.jpg.jpg,1280,720,knife,238,440,341,615
knife_1344.jpg.jpg,1280,720,knife,306,453,427,594
knife_1343.jpg.jpg,1280,720,knife,496,262,663,376
knife_135.jpg.jpg,640,458,knife,33,69,525,446
knife_1345.jpg.jpg,1280,720,knife,480,328,547,449
knife_1342.jpg.jpg,1280,720,knife,605,136,681,306
knife_1342.jpg.jpg,1280,720,knife,730,261,790,431
knife_1349.jpg.jpg,1280,720,knife,429,118,500,321
knife_1348.jpg.jpg,1280,720,knife,465,398,568,559
knife_300.jpg.jpg,500,366,knife,21,158,229,356
knife_305.jpg.jpg,800,583,knife,438,32,792,234
knife_307.jpg.jpg,640,480,knife,11,246,291,326
knife_302.jpg.jpg,230,196,knife,117,95,211,183
knife_306.jpg.jpg,631,480,knife,25,210,320,476
knife_303.jpg.jpg,500,374,knife,4,157,256,346
knife_3.jpg.jpg,416,286,knife,42,64,314,165
knife_278.jpg.jpg,1134,756,knife,591,281,1084,581
knife_277.jpg.jpg,582,449,knife,28,144,270,275
knife_273.jpg.jpg,450,337,knife,234,118,433,254
knife_28.jpg.jpg,848,536,knife,8,76,766,407
knife_275.jpg.jpg,620,413,knife,236,50,507,187
knife_280.jpg.jpg,600,399,knife,1,157,331,399
knife_274.jpg.jpg,640,470,knife,20,238,412,452
knife_276.jpg.jpg,773,597,knife,25,252,375,573
knife_285.jpg.jpg,500,374,knife,23,41,251,212
knife_286.jpg.jpg,1040,780,knife,124,403,633,678
knife_283.jpg.jpg,512,384,knife,212,10,361,191
knife_282.jpg.jpg,225,173,knife,10,77,129,154
knife_29.jpg.jpg,357,277,knife,91,4,305,225
knife_288.jpg.jpg,974,635,knife,439,175,974,297
knife_109.jpg.jpg,545,451,knife,38,17,542,446
knife_416.jpg.jpg,960,720,knife,135,317,462,576
knife_410.jpg.jpg,640,417,knife,19,199,315,406
knife_41.jpg.jpg,1062,770,knife,299,152,851,767
knife_408.jpg.jpg,982,800,knife,69,377,395,789
knife_415.jpg.jpg,1372,1058,knife,585,466,936,1045
knife_411.jpg.jpg,500,375,knife,24,103,336,364
knife_413.jpg.jpg,1200,899,knife,158,333,664,801
knife_412.jpg.jpg,500,358,knife,21,29,250,175
knife_414.jpg.jpg,600,398,knife,246,79,555,255
knife_409.jpg.jpg,640,480,knife,14,194,291,413
knife_407.jpg.jpg,800,537,knife,264,153,772,516
knife_405.jpg.jpg,411,262,knife,10,96,259,160
knife_406.jpg.jpg,640,480,knife,113,113,377,312
knife_400.jpg.jpg,634,500,knife,137,174,463,499
knife_40.jpg.jpg,1024,768,knife,174,62,996,635
knife_404.jpg.jpg,1024,576,knife,191,134,737,528
knife_401.jpg.jpg,800,600,knife,19,207,341,552
knife_403.jpg.jpg,776,437,knife,26,126,428,263
knife_397.jpg.jpg,1024,768,knife,8,317,495,762
knife_398.jpg.jpg,600,450,knife,233,149,548,441
knife_392.jpg.jpg,200,149,knife,13,59,115,147
knife_395.jpg.jpg,496,471,knife,11,193,266,471
knife_396.jpg.jpg,500,373,knife,1,155,244,350
knife_391.jpg.jpg,800,596,knife,400,215,787,335
knife_390.jpg.jpg,1600,1001,knife,247,71,1036,606
knife_394.jpg.jpg,1024,768,knife,148,456,543,729
knife_383.jpg.jpg,516,428,knife,230,198,423,392
knife_382.jpg.jpg,1500,1180,knife,38,542,651,767
knife_386.jpg.jpg,701,467,knife,18,165,102,313
knife_386.jpg.jpg,701,467,knife,135,115,188,284
knife_386.jpg.jpg,701,467,knife,233,116,274,270
knife_386.jpg.jpg,701,467,knife,305,121,343,260
knife_386.jpg.jpg,701,467,knife,402,52,465,238
knife_386.jpg.jpg,701,467,knife,487,137,537,271
knife_39.jpg.jpg,1454,1084,knife,254,16,1163,979
knife_380.jpg.jpg,1500,979,knife,19,402,890,769
knife_376.jpg.jpg,800,610,knife,24,204,366,569
knife_378.jpg.jpg,982,770,knife,382,296,756,758
knife_372.jpg.jpg,1061,741,knife,610,327,888,727
knife_38.jpg.jpg,812,543,knife,231,5,611,436
knife_379.jpg.jpg,500,374,knife,15,158,260,374
knife_377.jpg.jpg,1200,899,knife,566,318,1200,752
knife_371.jpg.jpg,500,375,knife,13,188,260,358
knife_233.jpg.jpg,450,300,knife,1,1,294,239
knife_23.jpg.jpg,507,363,knife,178,221,498,359
knife_230.jpg.jpg,1268,906,knife,243,73,1181,756
knife_229.jpg.jpg,1037,771,knife,152,103,488,757
knife_232.jpg.jpg,320,227,knife,49,29,213,174
knife_235.jpg.jpg,524,385,knife,95,49,373,382
knife_234.jpg.jpg,640,480,knife,28,41,408,305
knife_228.jpg.jpg,824,644,knife,61,93,415,391
knife_344.jpg.jpg,550,412,knife,222,20,548,219
knife_366.jpg.jpg,625,439,knife,313,170,582,437
knife_37.jpg.jpg,644,393,knife,9,111,475,341
knife_363.jpg.jpg,1000,724,knife,39,343,529,651
knife_363.jpg.jpg,1000,724,knife,503,85,849,290
knife_365.jpg.jpg,500,375,knife,13,2,212,151
knife_364.jpg.jpg,626,384,knife,4,124,431,375
knife_367.jpg.jpg,1600,1010,knife,322,51,859,528
knife_370.jpg.jpg,966,711,knife,395,297,762,664
knife_370.jpg.jpg,966,711,knife,462,254,936,385
knife_353.jpg.jpg,500,373,knife,4,5,183,152
knife_201.jpg.jpg,604,400,knife,44,42,404,265
knife_203.jpg.jpg,1158,874,knife,208,3,903,662
knife_208.jpg.jpg,546,280,knife,4,50,476,229
knife_200.jpg.jpg,640,426,knife,149,120,622,291
knife_202.jpg.jpg,1042,766,knife,127,135,676,660
knife_207.jpg.jpg,1022,606,knife,194,74,1022,494
knife_204.jpg.jpg,383,251,knife,177,66,230,106
knife_206.jpg.jpg,428,276,knife,40,82,227,195
knife_341.jpg.jpg,562,402,knife,7,7,295,230
knife_340.jpg.jpg,777,536,knife,1,191,425,355
knife_343.jpg.jpg,640,480,knife,24,294,551,459
knife_339.jpg.jpg,700,498,knife,1,160,364,308
knife_34.jpg.jpg,502,352,knife,51,24,392,352
knife_342.jpg.jpg,250,187,knife,118,69,194,181
knife_336.jpg.jpg,1500,1122,knife,19,338,683,762
knife_338.jpg.jpg,500,375,knife,1,194,238,368
knife_352.jpg.jpg,640,480,knife,364,31,627,217
knife_345.jpg.jpg,640,428,knife,368,16,632,225
knife_348.jpg.jpg,754,571,knife,311,1,754,263
knife_351.jpg.jpg,1498,1004,knife,155,94,982,590
knife_477.jpg.jpg,500,360,knife,16,120,295,339
knife_47.jpg.jpg,300,202,knife,84,27,293,200
knife_462.jpg.jpg,800,600,knife,379,303,715,583
knife_469.jpg.jpg,4000,3000,knife,134,1131,1960,2578
knife_465.jpg.jpg,3264,2448,knife,1512,324,3073,1189
knife_468.jpg.jpg,4000,3000,knife,65,1184,1871,2689
knife_471.jpg.jpg,652,413,knife,8,131,359,397
knife_466.jpg.jpg,3264,2448,knife,1834,228,3069,1224
knife_467.jpg.jpg,3264,2448,knife,86,1015,1647,2098
knife_456.jpg.jpg,500,375,knife,39,162,332,363
knife_458.jpg.jpg,1000,748,knife,103,340,555,684
knife_457.jpg.jpg,300,287,knife,4,119,170,285
knife_453.jpg.jpg,593,475,knife,21,203,249,416
knife_460.jpg.jpg,1000,746,knife,70,284,569,713
knife_46.jpg.jpg,1198,844,knife,343,88,653,662
knife_454.jpg.jpg,800,553,knife,100,225,496,469
knife_455.jpg.jpg,1200,899,knife,582,367,1190,769
knife_459.jpg.jpg,1000,748,knife,82,339,565,713
knife_309.jpg.jpg,1920,1440,knife,831,304,1889,1018
knife_31.jpg.jpg,1024,683,knife,39,41,829,623
knife_311.jpg.jpg,160,120,knife,78,50,133,105
knife_314.jpg.jpg,567,365,knife,260,157,567,365
knife_310.jpg.jpg,968,744,knife,87,395,549,676
knife_310.jpg.jpg,968,744,knife,528,109,809,285
knife_313.jpg.jpg,800,600,knife,68,262,448,563
knife_452.jpg.jpg,1500,1264,knife,180,673,790,1011
knife_290.jpg.jpg,640,480,knife,7,2,400,299
knife_450.jpg.jpg,357,252,knife,13,62,61,243
knife_445.jpg.jpg,703,503,knife,83,303,373,473
knife_445.jpg.jpg,703,503,knife,20,166,326,355
knife_448.jpg.jpg,225,219,knife,8,94,117,211
knife_449.jpg.jpg,614,551,knife,282,173,408,548
knife_45.jpg.jpg,1046,792,knife,62,25,789,749
knife_447.jpg.jpg,640,480,knife,98,281,356,441
knife_447.jpg.jpg,640,480,knife,75,204,295,318
knife_447.jpg.jpg,640,480,knife,51,131,252,235
knife_443.jpg.jpg,484,357,knife,5,44,219,193
knife_451.jpg.jpg,500,347,knife,284,160,497,328
knife_446.jpg.jpg,600,422,knife,301,144,583,347
knife_444.jpg.jpg,243,166,knife,156,75,243,164
knife_444.jpg.jpg,243,166,knife,82,84,162,163
knife_442.jpg.jpg,794,403,knife,1,180,360,394
knife_435.jpg.jpg,859,564,knife,65,254,551,526
knife_437.jpg.jpg,640,406,knife,257,44,519,227
knife_436.jpg.jpg,800,613,knife,57,196,449,426
knife_438.jpg.jpg,1134,774,knife,395,340,752,733
knife_293.jpg.jpg,625,469,knife,360,16,569,220
knife_298.jpg.jpg,450,358,knife,33,210,217,298
knife_294.jpg.jpg,460,359,knife,1,146,271,299
knife_295.jpg.jpg,1600,972,knife,699,105,1349,611
knife_292.jpg.jpg,1024,576,knife,235,138,577,360
knife_299.jpg.jpg,500,387,knife,218,187,356,308
knife_441.jpg.jpg,500,375,knife,23,94,145,205
knife_441.jpg.jpg,500,375,knife,76,128,246,269
knife_441.jpg.jpg,500,375,knife,162,170,360,337
knife_440.jpg.jpg,1017,720,knife,153,345,550,709
knife_44.jpg.jpg,260,192,knife,7,35,213,188
knife_439.jpg.jpg,483,338,knife,1,234,218,338
knife_434.jpg.jpg,1000,746,knife,73,402,499,744
knife_426.jpg.jpg,440,270,knife,148,1,269,73
knife_426.jpg.jpg,440,270,knife,215,46,345,123
knife_426.jpg.jpg,440,270,knife,289,101,415,189
knife_43.jpg.jpg,419,285,knife,176,40,332,190
knife_428.jpg.jpg,590,480,knife,33,244,322,467
knife_433.jpg.jpg,600,448,knife,284,233,571,428
knife_431.jpg.jpg,400,298,knife,25,48,279,114
knife_432.jpg.jpg,625,492,knife,155,397,327,485
knife_432.jpg.jpg,625,492,knife,83,271,293,402
knife_432.jpg.jpg,625,492,knife,11,148,272,316
knife_425.jpg.jpg,800,636,knife,1,228,349,636
knife_422.jpg.jpg,559,364,knife,48,233,365,311
knife_422.jpg.jpg,559,364,knife,125,171,388,243
knife_422.jpg.jpg,559,364,knife,241,137,352,172
knife_417.jpg.jpg,270,223,knife,121,90,245,203
knife_419.jpg.jpg,864,580,knife,28,231,477,552
knife_423.jpg.jpg,750,524,knife,165,127,750,480
knife_424.jpg.jpg,640,480,knife,16,276,381,414
knife_418.jpg.jpg,1000,667,knife,22,268,492,655
knife_420.jpg.jpg,560,400,knife,297,27,512,207
knife_5.jpg.jpg,1127,648,knife,1,104,674,379
knife_479.jpg.jpg,450,300,knife,119,44,190,108
knife_476.jpg.jpg,640,416,knife,11,190,357,407
knife_475.jpg.jpg,640,438,knife,16,209,362,430
knife_478.jpg.jpg,2000,1334,knife,159,135,975,643
knife_472.jpg.jpg,990,620,knife,11,206,550,567
knife_526.jpg.jpg,870,1298,knife,244,328,855,1120
knife_521.jpg.jpg,270,180,knife,164,19,250,149
knife_520.jpg.jpg,1024,928,knife,455,118,1014,697
knife_522.jpg.jpg,1300,1241,knife,68,194,853,1193
knife_523.jpg.jpg,240,160,knife,5,19,67,108
knife_524.jpg.jpg,1300,870,knife,313,144,1137,756
knife_518.jpg.jpg,975,1300,knife,277,50,533,1135
knife_525.jpg.jpg,450,300,knife,164,120,428,222
knife_52.jpg.jpg,642,400,knife,10,41,484,303
knife_517.jpg.jpg,346,519,knife,158,45,266,282
knife_513.jpg.jpg,270,180,knife,9,15,170,137
knife_510.jpg.jpg,531,800,knife,154,365,422,647
knife_512.jpg.jpg,628,455,knife,161,40,546,434
knife_51.jpg.jpg,421,269,knife,7,43,369,200
knife_516.jpg.jpg,1040,693,knife,135,44,548,604
knife_515.jpg.jpg,450,299,knife,1,154,171,270
knife_509.jpg.jpg,532,518,knife,236,64,364,437
knife_511.jpg.jpg,800,533,knife,260,87,466,336
knife_501.jpg.jpg,1023,685,knife,324,110,893,607
knife_504.jpg.jpg,1300,866,knife,235,163,751,694
knife_507.jpg.jpg,800,533,knife,254,212,488,333
knife_50.jpg.jpg,2000,1500,knife,68,95,1311,1061
knife_506.jpg.jpg,602,575,knife,30,94,406,548
knife_505.jpg.jpg,734,1024,knife,57,375,231,746
knife_500.jpg.jpg,480,320,knife,268,145,425,264
knife_503.jpg.jpg,1300,841,knife,36,325,929,690
knife_502.jpg.jpg,682,1023,knife,392,533,547,855
knife_502.jpg.jpg,682,1023,knife,1,537,168,808
knife_499.jpg.jpg,1300,866,knife,647,161,1120,583
knife_491.jpg.jpg,1035,519,knife,140,102,463,401
knife_491.jpg.jpg,1035,519,knife,570,91,891,401
knife_494.jpg.jpg,450,297,knife,198,40,322,292
knife_495.jpg.jpg,1300,858,knife,421,193,886,712
knife_493.jpg.jpg,1300,868,knife,88,292,943,541
knife_496.jpg.jpg,450,321,knife,22,45,229,139
knife_492.jpg.jpg,1040,693,knife,361,352,979,591
knife_362.jpg.jpg,600,400,knife,200,98,402,245
knife_49.jpg.jpg,250,196,knife,75,13,114,167
knife_489.jpg.jpg,910,605,knife,45,202,730,388
knife_482.jpg.jpg,450,300,knife,229,19,344,176
knife_488.jpg.jpg,1023,680,knife,150,236,900,609
knife_483.jpg.jpg,935,600,knife,256,106,713,584
knife_484.jpg.jpg,800,800,knife,344,155,753,674
knife_486.jpg.jpg,236,438,knife,88,204,224,430
knife_481.jpg.jpg,900,598,knife,259,184,425,541
knife_359.jpg.jpg,800,600,knife,376,282,777,524
knife_356.jpg.jpg,1200,900,knife,141,534,670,851
knife_361.jpg.jpg,821,550,knife,206,120,525,312
knife_361.jpg.jpg,821,550,knife,15,10,281,329
knife_360.jpg.jpg,552,383,knife,273,135,511,273
knife_358.jpg.jpg,864,636,knife,28,234,604,607
knife_357.jpg.jpg,1170,846,knife,26,469,1132,726
knife_355.jpg.jpg,1600,1008,knife,153,169,928,642
knife_580.jpg.jpg,1000,616,knife,78,264,442,533
DSC_00561.JPG.jpg,1920,1281,knife,665,412,751,599
knife_569.jpg.jpg,1152,642,knife,26,188,80,395
knife_569.jpg.jpg,1152,642,knife,1081,112,1152,331
knife_563.jpg.jpg,2048,1365,knife,662,242,1212,1145
knife_565.jpg.jpg,683,1024,knife,127,99,603,583
knife_57.jpg.jpg,344,234,knife,126,25,327,131
knife_568.jpg.jpg,672,410,knife,127,36,402,276
knife_564.jpg.jpg,600,375,knife,102,116,600,331
knife_571.jpg.jpg,300,448,knife,21,121,68,283
knife_572.jpg.jpg,300,447,knife,69,104,212,210
knife_562.jpg.jpg,460,287,knife,184,100,260,158
knife_556.jpg.jpg,600,450,knife,134,152,554,388
knife_56.jpg.jpg,542,385,knife,194,80,454,385
knife_560.jpg.jpg,640,425,knife,143,68,460,363
knife_557.jpg.jpg,1300,867,knife,106,236,1100,663
knife_554.jpg.jpg,500,667,knife,143,42,315,465
knife_553.jpg.jpg,356,500,knife,81,109,121,190
knife_558.jpg.jpg,299,449,knife,154,123,247,444
knife_544.jpg.jpg,1300,865,knife,352,134,1253,686
knife_547.jpg.jpg,868,1300,knife,377,391,481,664
knife_55.jpg.jpg,879,648,knife,183,11,650,508
knife_545.jpg.jpg,1000,666,knife,291,194,851,358
knife_546.jpg.jpg,899,1300,knife,511,25,847,833
knife_551.jpg.jpg,450,297,knife,99,67,320,240
knife_552.jpg.jpg,800,533,knife,219,195,429,302
knife_549.jpg.jpg,396,398,knife,78,150,235,387
knife_548.jpg.jpg,450,449,knife,189,94,287,435
knife_541.jpg.jpg,2304,3456,knife,168,611,1591,3430
knife_54.jpg.jpg,516,373,knife,1,32,508,254
knife_542.jpg.jpg,1300,901,knife,236,213,795,741
knife_537.jpg.jpg,640,425,knife,109,110,276,382
knife_543.jpg.jpg,660,371,knife,249,177,437,291
knife_540.jpg.jpg,450,295,knife,103,56,242,154
knife_535.jpg.jpg,450,413,knife,165,208,275,413
knife_53.jpg.jpg,480,360,knife,144,23,440,298
knife_532.jpg.jpg,800,510,knife,235,48,520,350
knife_527.jpg.jpg,862,1134,knife,175,176,586,1103
knife_533.jpg.jpg,1500,992,knife,688,555,1217,954
knife_529.jpg.jpg,866,1301,knife,151,751,688,1198
knife_530.jpg.jpg,800,533,knife,291,149,457,494
knife_531.jpg.jpg,1300,896,knife,34,295,1069,854
knife_534.jpg.jpg,450,449,knife,243,28,335,273
knife_508.jpg.jpg,300,447,knife,46,218,260,408
knife_628.jpg.jpg,1280,720,knife,195,272,315,605
knife_628.jpg.jpg,1280,720,knife,334,148,563,720
knife_630.jpg.jpg,1280,720,knife,615,172,798,529
knife_633.jpg.jpg,1280,720,knife,200,259,315,627
knife_633.jpg.jpg,1280,720,knife,354,87,625,719
knife_638.jpg.jpg,1280,720,knife,673,93,831,268
knife_632.jpg.jpg,1280,720,knife,648,233,942,431
knife_631.jpg.jpg,1280,720,knife,688,228,802,575
knife_637.jpg.jpg,1280,720,knife,253,148,400,553
knife_629.jpg.jpg,1280,720,knife,192,135,443,609
knife_629.jpg.jpg,1280,720,knife,590,35,793,607
knife_63.jpg.jpg,450,299,knife,49,89,317,264
knife_635.jpg.jpg,1280,720,knife,228,259,353,565
knife_619.jpg.jpg,1280,720,knife,183,265,314,616
knife_619.jpg.jpg,1280,720,knife,325,128,580,720
knife_609.jpg.jpg,1280,720,knife,140,152,237,401
knife_617.jpg.jpg,1280,720,knife,645,196,790,575
knife_61.jpg.jpg,581,457,knife,148,127,271,445
knife_618.jpg.jpg,1280,720,knife,560,376,719,668
knife_614.jpg.jpg,1280,720,knife,636,261,942,401
knife_610.jpg.jpg,1280,720,knife,616,244,913,330
knife_613.jpg.jpg,1280,720,knife,290,111,422,548
knife_622.jpg.jpg,1280,720,knife,612,188,781,539
knife_626.jpg.jpg,1280,720,knife,166,137,436,582
knife_626.jpg.jpg,1280,720,knife,565,238,687,642
knife_623.jpg.jpg,1280,720,knife,249,345,377,588
knife_623.jpg.jpg,1280,720,knife,739,268,855,518
knife_62.jpg.jpg,451,341,knife,90,94,391,244
knife_624.jpg.jpg,1280,720,knife,597,82,711,489
knife_625.jpg.jpg,1280,720,knife,787,155,890,475
knife_603.jpg.jpg,348,519,knife,103,42,239,357
knife_601.jpg.jpg,866,1300,knife,237,123,712,1022
knife_604.jpg.jpg,320,213,knife,117,98,291,146
knife_600.jpg.jpg,800,579,knife,345,103,800,557
knife_602.jpg.jpg,1300,976,knife,88,32,913,790
knife_605.jpg.jpg,1280,720,knife,625,205,796,586
knife_6.jpg.jpg,586,384,knife,147,125,586,265
knife_60.jpg.jpg,219,165,knife,70,32,135,92
knife_607.jpg.jpg,1280,720,knife,718,173,932,454
knife_593.jpg.jpg,400,435,knife,112,90,318,232
knife_592.jpg.jpg,800,626,knife,183,233,340,429
knife_590.jpg.jpg,1300,863,knife,513,285,1097,700
knife_597.jpg.jpg,1300,864,knife,220,88,885,540
knife_591.jpg.jpg,597,398,knife,374,66,597,251
knife_596.jpg.jpg,240,160,knife,18,44,98,131
knife_594.jpg.jpg,1500,1098,knife,351,219,966,982
knife_598.jpg.jpg,863,1300,knife,399,550,692,983
knife_582.jpg.jpg,2592,1728,knife,816,441,2140,1665
knife_587.jpg.jpg,450,427,knife,40,104,276,378
knife_584.jpg.jpg,450,299,knife,218,33,442,163
knife_585.jpg.jpg,1238,862,knife,637,392,1100,524
knife_588.jpg.jpg,1024,683,knife,213,56,397,540
knife_583.jpg.jpg,722,410,knife,273,30,548,273
knife_589.jpg.jpg,450,322,knife,65,77,299,272
knife_581.jpg.jpg,910,609,knife,345,157,834,384
knife_586.jpg.jpg,1300,1298,knife,163,122,697,990
knife_577.jpg.jpg,560,372,knife,15,53,377,265
knife_575.jpg.jpg,270,180,knife,94,72,229,150
knife_576.jpg.jpg,800,533,knife,226,184,471,405
knife_574.jpg.jpg,550,368,knife,193,140,492,261
knife_58.jpg.jpg,800,533,knife,72,98,561,451
knife_579.jpg.jpg,630,451,knife,131,88,502,432
knife_578.jpg.jpg,866,1300,knife,159,131,610,1010
knife_769.jpg.jpg,1280,720,knife,254,227,390,568
knife_753.jpg.jpg,1280,720,knife,284,132,890,504
knife_762.jpg.jpg,1280,720,knife,595,175,777,516
knife_77.jpg.jpg,206,150,knife,75,86,175,136
knife_759.jpg.jpg,1280,720,knife,687,164,939,417
knife_760.jpg.jpg,1280,720,knife,599,83,716,462
knife_756.jpg.jpg,1280,720,knife,715,161,873,535
knife_59.jpg.jpg,739,516,knife,216,84,694,384
knife_696.jpg.jpg,1280,720,knife,272,78,405,481
knife_71.jpg.jpg,640,425,knife,50,17,365,287
knife_702.jpg.jpg,1280,720,knife,589,244,904,389
knife_709.jpg.jpg,1280,720,knife,294,276,684,720
knife_7.jpg.jpg,605,439,knife,47,1,363,380
knife_707.jpg.jpg,1280,720,knife,676,238,959,417
knife_705.jpg.jpg,1280,720,knife,588,243,904,334
knife_703.jpg.jpg,1280,720,knife,608,262,940,366
knife_70.jpg.jpg,310,222,knife,118,43,171,157
knife_674.jpg.jpg,1280,720,knife,710,166,861,592
knife_68.jpg.jpg,400,225,knife,150,24,400,183
knife_675.jpg.jpg,1280,720,knife,640,233,933,432
knife_676.jpg.jpg,1280,720,knife,592,260,919,340
knife_681.jpg.jpg,1280,720,knife,600,85,708,484
knife_679.jpg.jpg,1280,720,knife,190,243,301,606
knife_679.jpg.jpg,1280,720,knife,327,162,614,720
knife_672.jpg.jpg,1280,720,knife,229,322,351,550
knife_684.jpg.jpg,1280,720,knife,747,165,870,457
knife_66.jpg.jpg,480,337,knife,197,106,454,189
knife_656.jpg.jpg,1280,720,knife,625,253,939,401
knife_659.jpg.jpg,1280,720,knife,186,132,401,584
knife_659.jpg.jpg,1280,720,knife,572,268,683,639
knife_654.jpg.jpg,1280,720,knife,588,173,779,551
knife_651.jpg.jpg,1280,720,knife,620,257,938,383
knife_657.jpg.jpg,1280,720,knife,189,246,310,612
knife_657.jpg.jpg,1280,720,knife,332,77,615,719
knife_671.jpg.jpg,1280,720,knife,605,190,788,565
knife_667.jpg.jpg,1280,720,knife,747,177,839,510
knife_663.jpg.jpg,1280,720,knife,594,248,900,342
knife_67.jpg.jpg,810,517,knife,20,130,582,464
knife_664.jpg.jpg,1280,720,knife,444,305,656,720
knife_668.jpg.jpg,1280,720,knife,178,98,425,585
knife_668.jpg.jpg,1280,720,knife,526,98,686,643
knife_665.jpg.jpg,1280,720,knife,612,190,784,570
knife_641.jpg.jpg,1280,720,knife,572,299,900,405
knife_660.jpg.jpg,1280,720,knife,226,234,1177,416
knife_828.jpg.jpg,1280,720,knife,225,512,580,646
knife_82.jpg.jpg,146,95,knife,15,26,73,64
knife_821.jpg.jpg,1280,720,knife,123,554,263,720
knife_826.jpg.jpg,1280,720,knife,278,531,558,621
knife_827.jpg.jpg,1280,720,knife,115,549,257,720
knife_822.jpg.jpg,1280,720,knife,202,416,327,624
knife_796.jpg.jpg,1280,720,knife,642,261,778,562
knife_78.jpg.jpg,677,451,knife,274,154,470,451
knife_786.jpg.jpg,1280,720,knife,700,212,858,614
knife_777.jpg.jpg,1280,720,knife,576,201,887,350
knife_772.jpg.jpg,1280,720,knife,601,246,916,426
knife_79.jpg.jpg,582,419,knife,193,203,461,313
knife_778.jpg.jpg,1280,720,knife,751,162,877,422
knife_752.jpg.jpg,1280,720,knife,294,146,893,490
knife_739.jpg.jpg,1280,720,knife,592,228,795,538
knife_728.jpg.jpg,1280,720,knife,248,348,378,531
knife_728.jpg.jpg,1280,720,knife,706,133,840,364
knife_727.jpg.jpg,1280,720,knife,283,243,449,592
knife_727.jpg.jpg,1280,720,knife,564,278,693,637
knife_734.jpg.jpg,1280,720,knife,179,237,308,615
knife_734.jpg.jpg,1280,720,knife,405,105,645,666
knife_730.jpg.jpg,1280,720,knife,619,184,786,503
knife_729.jpg.jpg,1280,720,knife,603,182,772,490
knife_733.jpg.jpg,1280,720,knife,716,164,870,389
knife_736.jpg.jpg,1280,720,knife,594,85,709,467
knife_8.jpg.jpg,318,240,knife,70,34,149,213
knife_80.jpg.jpg,450,300,knife,1,1,303,225
knife_804.jpg.jpg,1280,720,knife,664,253,975,411
knife_805.jpg.jpg,1280,720,knife,622,188,779,525
knife_808.jpg.jpg,1280,720,knife,195,379,317,599
knife_802.jpg.jpg,1280,720,knife,611,249,905,405
knife_807.jpg.jpg,1280,720,knife,207,571,353,720
knife_73.jpg.jpg,558,252,knife,1,50,427,198
knife_645.jpg.jpg,1280,720,knife,598,179,788,564
knife_648.jpg.jpg,1280,720,knife,165,90,282,387
knife_644.jpg.jpg,1280,720,knife,723,135,881,545
knife_64.jpg.jpg,800,529,knife,1,24,634,407
knife_646.jpg.jpg,1280,720,knife,759,159,886,479
knife_74.jpg.jpg,682,422,knife,123,37,491,338
knife_749.jpg.jpg,1280,720,knife,622,211,806,539
knife_747.jpg.jpg,1280,720,knife,625,182,798,514
knife_745.jpg.jpg,1280,720,knife,162,94,272,353
knife_750.jpg.jpg,1280,720,knife,710,164,854,578
knife_737.jpg.jpg,1280,720,knife,715,154,853,570
knife_748.jpg.jpg,1280,720,knife,610,88,720,467
knife_75.jpg.jpg,376,266,knife,123,91,191,239
knife_724.jpg.jpg,1280,720,knife,739,128,897,487
knife_72.jpg.jpg,361,286,knife,67,25,120,285
knife_716.jpg.jpg,1280,720,knife,260,338,379,548
knife_715.jpg.jpg,1280,720,knife,595,181,786,544
knife_722.jpg.jpg,1280,720,knife,600,243,903,416
knife_714.jpg.jpg,1280,720,knife,566,421,690,645
knife_717.jpg.jpg,1280,720,knife,649,231,949,406
knife_711.jpg.jpg,1280,720,knife,608,183,779,554
knife_712.jpg.jpg,1280,720,knife,551,396,690,659
knife_911.jpg.jpg,1280,720,knife,117,554,253,720
knife_903.jpg.jpg,1280,720,knife,169,362,315,566
knife_90.jpg.jpg,1082,816,knife,299,27,432,808
knife_898.jpg.jpg,1280,720,knife,172,371,322,584
knife_899.jpg.jpg,1280,720,knife,105,562,258,720
knife_900.jpg.jpg,1280,720,knife,321,405,417,569
knife_901.jpg.jpg,1280,720,knife,212,567,347,720
knife_902.jpg.jpg,1280,720,knife,130,396,280,601
knife_896.jpg.jpg,1280,720,knife,202,386,327,612
knife_897.jpg.jpg,1280,720,knife,130,566,270,720
knife_770.jpg.jpg,1280,720,knife,120,68,248,288
knife_89.jpg.jpg,236,177,knife,25,10,156,119
knife_886.jpg.jpg,1280,720,knife,129,441,277,636
knife_891.jpg.jpg,1280,720,knife,119,547,268,720
knife_884.jpg.jpg,1280,720,knife,135,566,266,720
knife_893.jpg.jpg,1280,720,knife,214,362,357,582
knife_892.jpg.jpg,1280,720,knife,129,566,264,720
knife_895.jpg.jpg,1280,720,knife,217,367,350,592
knife_883.jpg.jpg,1280,720,knife,112,559,264,720
knife_678.jpg.jpg,1280,720,knife,196,168,276,329
knife_873.jpg.jpg,1280,720,knife,180,454,302,689
knife_87.jpg.jpg,309,225,knife,33,50,147,185
knife_870.jpg.jpg,1280,720,knife,217,329,339,531
knife_866.jpg.jpg,1280,720,knife,215,411,332,611
knife_867.jpg.jpg,1280,720,knife,199,404,319,606
knife_869.jpg.jpg,1280,720,knife,109,556,259,720
knife_872.jpg.jpg,1280,720,knife,302,324,430,559
knife_865.jpg.jpg,1280,720,knife,210,387,337,617
knife_864.jpg.jpg,1280,720,knife,132,552,256,720
knife_861.jpg.jpg,1280,720,knife,140,254,314,447
knife_854.jpg.jpg,1280,720,knife,164,412,300,564
knife_852.jpg.jpg,1280,720,knife,264,301,372,482
knife_848.jpg.jpg,1280,720,knife,192,397,312,609
knife_85.jpg.jpg,223,168,knife,7,11,101,62
knife_851.jpg.jpg,1280,720,knife,185,382,324,537
knife_847.jpg.jpg,1280,720,knife,124,564,268,720
knife_853.jpg.jpg,1280,720,knife,202,389,320,597
knife_856.jpg.jpg,1280,720,knife,110,554,251,720
knife_858.jpg.jpg,1280,720,knife,255,256,379,476
knife_857.jpg.jpg,1280,720,knife,281,406,402,591
knife_86.jpg.jpg,480,478,knife,157,6,465,478
knife_860.jpg.jpg,1280,720,knife,29,542,260,706
knife_859.jpg.jpg,1280,720,knife,115,546,256,720
knife_863.jpg.jpg,1280,720,knife,262,477,502,581
knife_846.jpg.jpg,1280,720,knife,112,562,252,720
knife_855.jpg.jpg,1280,720,knife,138,516,257,720
knife_839.jpg.jpg,1280,720,knife,284,337,422,536
knife_845.jpg.jpg,1280,720,knife,192,384,329,601
knife_84.jpg.jpg,559,463,knife,110,26,319,403
knife_844.jpg.jpg,1280,720,knife,295,286,440,507
knife_843.jpg.jpg,1280,720,knife,262,322,422,541
knife_841.jpg.jpg,1280,720,knife,169,264,337,482
knife_840.jpg.jpg,1280,720,knife,117,557,265,720
knife_810.jpg.jpg,1280,720,knife,208,571,348,720
knife_818.jpg.jpg,1280,720,knife,218,401,340,609
knife_815.jpg.jpg,1280,720,knife,108,561,254,720
knife_812.jpg.jpg,1280,720,knife,153,449,293,662
knife_814.jpg.jpg,1280,720,knife,172,384,322,572
knife_813.jpg.jpg,1280,720,knife,215,242,357,482
knife_811.jpg.jpg,1280,720,knife,298,334,418,541
knife_817.jpg.jpg,1280,720,knife,168,597,333,720
knife_832.jpg.jpg,1280,720,knife,165,382,328,581
knife_83.jpg.jpg,302,235,knife,33,41,203,149
knife_829.jpg.jpg,1280,720,knife,182,401,328,637
knife_833.jpg.jpg,1280,720,knife,183,447,317,644
knife_831.jpg.jpg,1280,720,knife,170,392,312,596
knife_834.jpg.jpg,1280,720,knife,259,472,492,586
knife_836.jpg.jpg,1280,720,knife,112,552,267,720
knife_608.jpg.jpg,1280,720,knife,647,267,955,415
knife_616.jpg.jpg,1280,720,knife,598,178,788,561
knife_81.jpg.jpg,437,282,knife,1,1,328,199
knife_98.jpg.jpg,822,592,knife,302,70,775,536
knife_980.jpg.jpg,1280,720,knife,267,224,387,459
knife_979.jpg.jpg,1280,720,knife,270,346,409,517
knife_977.jpg.jpg,1280,720,knife,297,326,432,567
knife_982.jpg.jpg,1280,720,knife,142,412,289,587
knife_978.jpg.jpg,1280,720,knife,170,409,312,642
knife_976.jpg.jpg,1280,720,knife,289,417,407,672
knife_966.jpg.jpg,1280,720,knife,310,398,449,589
knife_971.jpg.jpg,1280,720,knife,127,554,259,720
knife_969.jpg.jpg,1280,720,knife,169,396,299,611
knife_973.jpg.jpg,1280,720,knife,142,384,324,586
knife_97.jpg.jpg,516,290,knife,1,1,398,290
knife_970.jpg.jpg,1280,720,knife,304,542,572,661
knife_972.jpg.jpg,1280,720,knife,152,477,279,631
knife_965.jpg.jpg,1280,720,knife,217,326,350,549
knife_955.jpg.jpg,1280,720,knife,215,361,345,596
knife_957.jpg.jpg,1280,720,knife,115,547,252,720
knife_951.jpg.jpg,1280,720,knife,300,389,434,562
knife_96.jpg.jpg,601,286,knife,1,47,460,236
knife_956.jpg.jpg,1280,720,knife,117,539,261,720
knife_953.jpg.jpg,1280,720,knife,309,416,445,589
knife_958.jpg.jpg,1280,720,knife,155,364,305,589
knife_837.jpg.jpg,1280,720,knife,112,561,252,720
knife_961.jpg.jpg,1280,720,knife,287,316,405,519
knife_950.jpg.jpg,1280,720,knife,302,407,450,602
knife_952.jpg.jpg,1280,720,knife,255,276,392,492
knife_946.jpg.jpg,1280,720,knife,130,547,263,720
knife_943.jpg.jpg,1280,720,knife,144,362,314,584
knife_944.jpg.jpg,1280,720,knife,115,556,271,720
knife_95.jpg.jpg,593,400,knife,145,48,593,400
knife_942.jpg.jpg,1280,720,knife,247,316,377,562
knife_948.jpg.jpg,1280,720,knife,299,324,435,526
knife_945.jpg.jpg,1280,720,knife,154,409,302,597
knife_937.jpg.jpg,1280,720,knife,109,549,263,720
knife_935.jpg.jpg,1280,720,knife,195,389,327,597
knife_932.jpg.jpg,1280,720,knife,210,286,342,516
knife_933.jpg.jpg,1280,720,knife,186,592,327,720
knife_939.jpg.jpg,1280,720,knife,192,412,324,602
knife_940.jpg.jpg,1280,720,knife,109,551,258,720
knife_931.jpg.jpg,1280,720,knife,212,579,344,720
knife_927.jpg.jpg,1280,720,knife,179,421,329,632
knife_93.jpg.jpg,650,488,knife,38,91,467,355
knife_930.jpg.jpg,1280,720,knife,194,396,317,629
knife_923.jpg.jpg,1280,720,knife,177,379,314,612
knife_926.jpg.jpg,1280,720,knife,109,547,253,720
knife_928.jpg.jpg,1280,720,knife,274,417,399,664
knife_925.jpg.jpg,1280,720,knife,172,467,297,647
knife_921.jpg.jpg,1280,720,knife,152,421,287,587
knife_915.jpg.jpg,1280,720,knife,162,546,282,720
knife_92.jpg.jpg,970,638,knife,1,1,649,395
knife_914.jpg.jpg,1280,720,knife,144,446,284,626
knife_920.jpg.jpg,1280,720,knife,312,402,435,579
knife_919.jpg.jpg,1280,720,knife,114,552,247,720
knife_918.jpg.jpg,1280,720,knife,223,576,345,720
knife_913.jpg.jpg,1280,720,knife,199,389,337,621
knife_906.jpg.jpg,1280,720,knife,150,392,305,582
knife_91.jpg.jpg,1444,980,knife,16,253,1111,744
knife_904.jpg.jpg,1280,720,knife,157,456,277,632
knife_907.jpg.jpg,1280,720,knife,314,411,439,602
knife_908.jpg.jpg,1280,720,knife,229,236,367,454
knife_909.jpg.jpg,1280,720,knife,122,561,253,720
KravMagaKnifeDefenseTechniques104.jpg.jpg,1280,720,knife,327,274,454,377
KravMagaKnifeDefenseTechniques109.jpg.jpg,1280,720,knife,341,232,463,336
KravMagaKnifeDefenseTechniques112.jpg.jpg,1280,720,knife,344,214,464,316
KravMagaKnifeDefenseTechniques114.jpg.jpg,1280,720,knife,343,208,478,310
KravMagaKnifeDefenseTechniques090.jpg.jpg,1280,720,knife,557,445,708,511
KravMagaKnifeDefenseTechniques088.jpg.jpg,1280,720,knife,559,427,704,491
KravMagaKnifeDefenseTechniques082.jpg.jpg,1280,720,knife,543,397,696,466
KravMagaKnifeDefenseTechniques080.jpg.jpg,1280,720,knife,535,395,675,469
KravMagaKnifeDefenseTechniques092.jpg.jpg,1280,720,knife,531,459,686,527
KravMagaKnifeDefenseTechniques086.jpg.jpg,1280,720,knife,549,397,698,468
KravMagaKnifeDefenseTechniques081.jpg.jpg,1280,720,knife,541,395,689,466
KravMagaKnifeDefenseTechniques099.jpg.jpg,1280,720,knife,488,443,653,519
KravMagaKnifeDefenseTechniques078.jpg.jpg,1280,720,knife,567,419,708,482
KravMagaKnifeDefenseTechniques091.jpg.jpg,1280,720,knife,534,458,689,524
KravMagaKnifeDefenseTechniques075.jpg.jpg,1280,720,knife,551,424,698,485
KravMagaKnifeDefenseTechniques064.jpg.jpg,1280,720,knife,541,384,682,456
KravMagaKnifeDefenseTechniques073.jpg.jpg,1280,720,knife,546,414,701,484
KravMagaKnifeDefenseTechniques072.jpg.jpg,1280,720,knife,557,411,706,479
KravMagaKnifeDefenseTechniques066.jpg.jpg,1280,720,knife,537,392,692,469
KravMagaKnifeDefenseTechniques068.jpg.jpg,1280,720,knife,541,397,688,472
KravMagaKnifeDefenseTechniques070.jpg.jpg,1280,720,knife,551,408,701,472
KravMagaKnifeDefenseTechniques062.jpg.jpg,1280,720,knife,549,397,691,465
knife_877.jpg.jpg,1280,720,knife,210,334,359,557
knife_881.jpg.jpg,1280,720,knife,243,327,373,554
knife_882.jpg.jpg,1280,720,knife,184,439,327,624
knife_880.jpg.jpg,1280,720,knife,135,434,282,624
knife_874.jpg.jpg,1280,720,knife,99,532,258,720
knife_666.jpg.jpg,1280,720,knife,456,272,672,720
knife_661.jpg.jpg,1280,720,knife,300,249,1217,422
knife_662.jpg.jpg,1280,720,knife,608,193,781,553
KravMagaKnifeDefenseTechniques056.jpg.jpg,1280,720,knife,567,395,701,462
KravMagaKnifeDefenseTechniques060.jpg.jpg,1280,720,knife,563,395,696,461
KravMagaKnifeDefenseTechniques055.jpg.jpg,1280,720,knife,563,384,702,461
KravMagaKnifeDefenseTechniques049.jpg.jpg,1280,720,knife,588,363,731,433
KravMagaKnifeDefenseTechniques054.jpg.jpg,1280,720,knife,563,387,706,456
KravMagaKnifeDefenseTechniques051.jpg.jpg,1280,720,knife,583,379,725,449
KravMagaKnifeDefenseTechniques046.jpg.jpg,1280,720,knife,601,356,735,432
KravMagaKnifeDefenseTechniques045.jpg.jpg,1280,720,knife,593,352,728,432
knife_994.jpg.jpg,1280,720,knife,194,566,349,720
KravMagaKnifeDefenseTechniques023.jpg.jpg,1280,720,knife,431,582,589,678
knife_998.jpg.jpg,1280,720,knife,147,574,324,720
KravMagaKnifeDefenseTechniques037.jpg.jpg,1280,720,knife,627,403,760,485
knife_996.jpg.jpg,1280,720,knife,194,419,324,639
KravMagaKnifeDefenseTechniques038.jpg.jpg,1280,720,knife,602,392,734,478
KravMagaKnifeDefenseTechniques042.jpg.jpg,1280,720,knife,575,366,709,446
knife_984.jpg.jpg,1280,720,knife,107,554,257,720
knife_985.jpg.jpg,1280,720,knife,129,561,265,720
knife_990.jpg.jpg,1280,720,knife,145,456,279,627
knife_988.jpg.jpg,1280,720,knife,72,537,255,697
knife_989.jpg.jpg,1280,720,knife,119,562,258,720
knife_991.jpg.jpg,1280,720,knife,315,406,435,582
knife_992.jpg.jpg,1280,720,knife,202,572,347,720
knife_99.jpg.jpg,168,121,knife,29,8,80,49
knife_983.jpg.jpg,1280,720,knife,285,319,434,529
KravMagaKnifeDefenseTechniques234.jpg.jpg,1280,720,knife,431,266,611,384
KravMagaKnifeDefenseTechniques228.jpg.jpg,1280,720,knife,509,265,689,379
KravMagaKnifeDefenseTechniques225.jpg.jpg,1280,720,knife,517,275,695,381
KravMagaKnifeDefenseTechniques231.jpg.jpg,1280,720,knife,476,261,657,374
KravMagaKnifeDefenseTechniques232.jpg.jpg,1280,720,knife,469,266,643,382
KravMagaKnifeDefenseTechniques217.jpg.jpg,1280,720,knife,508,284,696,400
KravMagaKnifeDefenseTechniques201.jpg.jpg,1280,720,knife,505,285,685,387
KravMagaKnifeDefenseTechniques212.jpg.jpg,1280,720,knife,517,279,695,385
KravMagaKnifeDefenseTechniques215.jpg.jpg,1280,720,knife,518,284,699,392
KravMagaKnifeDefenseTechniques204.jpg.jpg,1280,720,knife,514,281,704,381
KravMagaKnifeDefenseTechniques209.jpg.jpg,1280,720,knife,514,288,689,388
KravMagaKnifeDefenseTechniques197.jpg.jpg,1280,720,knife,496,269,673,379
KravMagaKnifeDefenseTechniques207.jpg.jpg,1280,720,knife,512,290,688,390
KravMagaKnifeDefenseTechniques193.jpg.jpg,1280,720,knife,480,262,664,372
KravMagaKnifeDefenseTechniques185.jpg.jpg,1280,720,knife,425,200,596,314
KravMagaKnifeDefenseTechniques181.jpg.jpg,1280,720,knife,375,153,504,265
KravMagaKnifeDefenseTechniques190.jpg.jpg,1280,720,knife,464,245,646,352
KravMagaKnifeDefenseTechniques182.jpg.jpg,1280,720,knife,376,111,517,214
KravMagaKnifeDefenseTechniques180.jpg.jpg,1280,720,knife,386,159,530,285
KravMagaKnifeDefenseTechniques192.jpg.jpg,1280,720,knife,486,268,670,371
KravMagaKnifeDefenseTechniques189.jpg.jpg,1280,720,knife,459,242,633,350
KravMagaKnifeDefenseTechniques177.jpg.jpg,1280,720,knife,396,171,540,285
KravMagaKnifeDefenseTechniques167.jpg.jpg,1280,720,knife,421,200,586,316
KravMagaKnifeDefenseTechniques175.jpg.jpg,1280,720,knife,424,198,586,323
KravMagaKnifeDefenseTechniques176.jpg.jpg,1280,720,knife,417,184,580,306
KravMagaKnifeDefenseTechniques170.jpg.jpg,1280,720,knife,434,207,601,329
KravMagaKnifeDefenseTechniques166.jpg.jpg,1280,720,knife,422,195,586,320
KravMagaKnifeDefenseTechniques163.jpg.jpg,1280,720,knife,434,190,593,298
KravMagaKnifeDefenseTechniques169.jpg.jpg,1280,720,knife,434,203,604,324
KravMagaKnifeDefenseTechniques155.jpg.jpg,1280,720,knife,378,166,538,268
KravMagaKnifeDefenseTechniques161.jpg.jpg,1280,720,knife,428,188,586,300
KravMagaKnifeDefenseTechniques149.jpg.jpg,1280,720,knife,351,143,488,246
KravMagaKnifeDefenseTechniques153.jpg.jpg,1280,720,knife,375,159,533,265
KravMagaKnifeDefenseTechniques159.jpg.jpg,1280,720,knife,422,178,576,290
KravMagaKnifeDefenseTechniques151.jpg.jpg,1280,720,knife,363,153,511,256
KravMagaKnifeDefenseTechniques137.jpg.jpg,1280,720,knife,359,137,528,250
KravMagaKnifeDefenseTechniques147.jpg.jpg,1280,720,knife,353,135,492,250
KravMagaKnifeDefenseTechniques157.jpg.jpg,1280,720,knife,402,161,557,271
knife_690.jpg.jpg,1280,720,knife,583,240,911,348
knife_688.jpg.jpg,1280,720,knife,210,116,429,581
knife_688.jpg.jpg,1280,720,knife,522,117,705,628
knife_692.jpg.jpg,1280,720,knife,499,200,834,465
knife_69.jpg.jpg,366,228,knife,175,125,348,173
knife_686.jpg.jpg,1280,720,knife,192,279,311,609
knife_686.jpg.jpg,1280,720,knife,388,90,612,720
knife_695.jpg.jpg,1280,720,knife,684,216,876,360
knife_691.jpg.jpg,1280,720,knife,281,74,400,450
KravMagaKnifeDefenseTechniques134.jpg.jpg,1280,720,knife,470,384,618,448
KravMagaKnifeDefenseTechniques129.jpg.jpg,1280,720,knife,340,384,501,506
KravMagaKnifeDefenseTechniques124.jpg.jpg,1280,720,knife,320,177,482,268
KravMagaKnifeDefenseTechniques118.jpg.jpg,1280,720,knife,350,181,492,281
KravMagaKnifeDefenseTechniques126.jpg.jpg,1280,720,knife,296,200,459,301
KravMagaKnifeDefenseTechniques120.jpg.jpg,1280,720,knife,343,179,495,271
KravMagaKnifeDefenseTechniques123.jpg.jpg,1280,720,knife,335,179,495,274
KravMagaKnifeDefenseTechniques131.jpg.jpg,1280,720,knife,466,395,612,458
KravMagaKnifeDefenseTechniques098.jpg.jpg,1280,720,knife,509,450,664,521
KravMagaKnifeDefenseTechniques743.jpg.jpg,1280,720,knife,157,406,218,555
KravMagaKnifeDefenseTechniques746.jpg.jpg,1280,720,knife,344,517,525,610
KravMagaKnifeDefenseTechniques719.jpg.jpg,1280,720,knife,576,443,743,507
KravMagaKnifeDefenseTechniques730.jpg.jpg,1280,720,knife,578,445,750,516
KravMagaKnifeDefenseTechniques709.jpg.jpg,1280,720,knife,572,430,751,497
KravMagaKnifeDefenseTechniques715.jpg.jpg,1280,720,knife,580,449,749,506
KravMagaKnifeDefenseTechniques724.jpg.jpg,1280,720,knife,578,445,756,510
KravMagaKnifeDefenseTechniques713.jpg.jpg,1280,720,knife,576,445,749,519
KravMagaKnifeDefenseTechniques676.jpg.jpg,1280,720,knife,502,395,678,485
KravMagaKnifeDefenseTechniques706.jpg.jpg,1280,720,knife,579,427,759,495
KravMagaKnifeDefenseTechniques697.jpg.jpg,1280,720,knife,570,387,743,456
KravMagaKnifeDefenseTechniques704.jpg.jpg,1280,720,knife,578,413,757,487
KravMagaKnifeDefenseTechniques695.jpg.jpg,1280,720,knife,562,397,735,477
KravMagaKnifeDefenseTechniques674.jpg.jpg,1280,720,knife,505,394,666,479
KravMagaKnifeDefenseTechniques670.jpg.jpg,1280,720,knife,475,378,643,478
KravMagaKnifeDefenseTechniques115.jpg.jpg,1280,720,knife,351,195,485,292
KravMagaKnifeDefenseTechniques597.jpg.jpg,1280,720,knife,405,542,635,616
KravMagaKnifeDefenseTechniques658.jpg.jpg,1280,720,knife,401,495,554,590
KravMagaKnifeDefenseTechniques655.jpg.jpg,1280,720,knife,250,435,314,588
KravMagaKnifeDefenseTechniques630.jpg.jpg,1280,720,knife,249,504,428,572
KravMagaKnifeDefenseTechniques660.jpg.jpg,1280,720,knife,433,442,608,540
KravMagaKnifeDefenseTechniques594.jpg.jpg,1280,720,knife,378,532,595,600
KravMagaKnifeDefenseTechniques624.jpg.jpg,1280,720,knife,389,498,543,555
KravMagaKnifeDefenseTechniques626.jpg.jpg,1280,720,knife,344,474,515,519
KravMagaKnifeDefenseTechniques590.jpg.jpg,1280,720,knife,344,520,559,591
KravMagaKnifeDefenseTechniques442.jpg.jpg,1280,720,knife,593,342,744,537
KravMagaKnifeDefenseTechniques416.jpg.jpg,1280,720,knife,601,279,698,388
KravMagaKnifeDefenseTechniques380.jpg.jpg,1280,720,knife,901,255,1038,401
KravMagaKnifeDefenseTechniques585.jpg.jpg,1280,720,knife,267,545,488,620
KravMagaKnifeDefenseTechniques398.jpg.jpg,1280,720,knife,612,301,685,420
KravMagaKnifeDefenseTechniques476.jpg.jpg,1280,720,knife,895,239,1053,508
KravMagaKnifeDefenseTechniques453.jpg.jpg,1280,720,knife,456,394,669,545
KravMagaKnifeDefenseTechniques474.jpg.jpg,1280,720,knife,914,263,1067,540
KravMagaKnifeDefenseTechniques587.jpg.jpg,1280,720,knife,317,529,524,598
KravMagaKnifeDefenseTechniques377.jpg.jpg,1280,720,knife,843,213,1001,381
KravMagaKnifeDefenseTechniques248.jpg.jpg,1280,720,knife,720,181,864,235
KravMagaKnifeDefenseTechniques240.jpg.jpg,1280,720,knife,493,398,692,487
KravMagaKnifeDefenseTechniques244.jpg.jpg,1280,720,knife,766,190,909,236
KravMagaKnifeDefenseTechniques243.jpg.jpg,1280,720,knife,773,216,915,262
KravMagaKnifeDefenseTechniques236.jpg.jpg,1280,720,knife,412,252,593,377
KravMagaKnifeDefenseTechniques238.jpg.jpg,1280,720,knife,385,282,546,407
KravMagaKnifeDefenseTechniques246.jpg.jpg,1280,720,knife,738,185,891,239
KravMagaKnifeDefenseTechniques237.jpg.jpg,1280,720,knife,402,263,576,382
KravMagaKnifeDefenseTechniques278.jpg.jpg,1280,720,knife,737,287,951,375
KravMagaKnifeDefenseTechniques249.jpg.jpg,1280,720,knife,717,185,866,243
KravMagaKnifeDefenseTechniques284.jpg.jpg,1280,720,knife,744,310,947,417
KravMagaKnifeDefenseTechniques267.jpg.jpg,1280,720,knife,676,268,902,359
KravMagaKnifeDefenseTechniques269.jpg.jpg,1280,720,knife,696,256,914,350
KravMagaKnifeDefenseTechniques254.jpg.jpg,1280,720,knife,686,192,833,246
KravMagaKnifeDefenseTechniques264.jpg.jpg,1280,720,knife,705,213,925,306
KravMagaKnifeDefenseTechniques261.jpg.jpg,1280,720,knife,702,139,892,224
KravMagaKnifeDefenseTechniques262.jpg.jpg,1280,720,knife,706,143,912,230
KravMagaKnifeDefenseTechniques295.jpg.jpg,1280,720,knife,776,404,951,494
KravMagaKnifeDefenseTechniques370.jpg.jpg,1280,720,knife,880,258,1049,395
KravMagaKnifeDefenseTechniques288.jpg.jpg,1280,720,knife,741,346,949,469
KravMagaKnifeDefenseTechniques294.jpg.jpg,1280,720,knife,778,416,967,504
KravMagaKnifeDefenseTechniques290.jpg.jpg,1280,720,knife,757,385,962,498
KravMagaKnifeDefenseTechniques363.jpg.jpg,1280,720,knife,824,250,1004,361
KravMagaKnifeDefenseTechniques316.jpg.jpg,1280,720,knife,804,319,949,432
KravMagaKnifeDefenseTechniques286.jpg.jpg,1280,720,knife,740,330,947,432
KravMagaKnifeDefenseTechniques365.jpg.jpg,1280,720,knife,828,227,999,355
KravMagaTraining20598.jpg.jpg,1280,720,knife,412,530,569,573
KravMagaTraining20599.jpg.jpg,1280,720,knife,412,529,539,573
KravMagaTraining20621.jpg.jpg,1280,720,knife,622,430,754,508
KravMagaTraining20611.jpg.jpg,1280,720,knife,593,481,739,537
KravMagaTraining20602.jpg.jpg,1280,720,knife,468,552,610,602
KravMagaTraining20622.jpg.jpg,1280,720,knife,601,416,741,491
KravMagaTraining20595.jpg.jpg,1280,720,knife,408,531,560,577
KravMagaTraining20586.jpg.jpg,1280,720,knife,370,534,514,593
KravMagaTraining20582.jpg.jpg,1280,720,knife,401,549,558,616
KravMagaTraining20410.jpg.jpg,1280,720,knife,546,489,704,554
KravMagaTraining20583.jpg.jpg,1280,720,knife,423,525,578,576
KravMagaTraining20584.jpg.jpg,1280,720,knife,412,515,568,570
KravMagaTraining20406.jpg.jpg,1280,720,knife,422,384,543,484
KravMagaTraining20585.jpg.jpg,1280,720,knife,378,530,522,602
KravMagaTraining20402.jpg.jpg,1280,720,knife,237,272,315,384
KravMagaTraining20343.jpg.jpg,1280,720,knife,787,466,947,520
KravMagaTraining20389.jpg.jpg,1280,720,knife,641,457,793,523
KravMagaTraining20342.jpg.jpg,1280,720,knife,796,477,954,527
KravMagaTraining20399.jpg.jpg,1280,720,knife,243,279,312,406
KravMagaTraining20344.jpg.jpg,1280,720,knife,792,419,954,506
DefenseKnifeAttack1008.jpg.jpg,1280,720,knife,11,497,125,636
DefenseKnifeAttack1072.jpg.jpg,1280,720,knife,499,465,592,552
DefenseKnifeAttack0986.jpg.jpg,1280,720,knife,757,258,886,524
DefenseKnifeAttack1115.jpg.jpg,1280,720,knife,525,398,606,485
DefenseKnifeAttack1102.jpg.jpg,1280,720,knife,460,371,511,477
DefenseKnifeAttack1113.jpg.jpg,1280,720,knife,501,392,588,479
DefenseKnifeAttack1007.jpg.jpg,1280,720,knife,22,516,149,645
KravMagaTraining20390.jpg.jpg,1280,720,knife,649,415,801,512
KravMagaTraining20340.jpg.jpg,1280,720,knife,793,470,961,515
KravMagaTraining20357.jpg.jpg,1280,720,knife,846,352,1019,404
KravMagaTraining20314.jpg.jpg,1280,720,knife,587,562,742,629
KravMagaTraining20102.jpg.jpg,1280,720,knife,291,423,451,489
KravMagaTraining20301.jpg.jpg,1280,720,knife,283,568,446,620
KravMagaTraining20111.jpg.jpg,1280,720,knife,354,430,519,495
KravMagaTraining20147.jpg.jpg,1280,720,knife,215,442,387,522
KravMagaTraining20143.jpg.jpg,1280,720,knife,227,448,401,523
KravMagaTraining20107.jpg.jpg,1280,720,knife,657,435,808,502
KravMagaTraining20180.jpg.jpg,1280,720,knife,335,542,481,612
KravMagaTraining20179.jpg.jpg,1280,720,knife,324,530,474,600
KravMagaTraining20145.jpg.jpg,1280,720,knife,219,446,391,522
KravMagaTraining20041.jpg.jpg,1280,720,knife,110,588,250,699
KravMagaTraining156.jpg.jpg,1280,720,knife,650,153,739,329
KravMagaTraining167.jpg.jpg,1280,720,knife,880,223,997,339
KravMagaTraining20072.jpg.jpg,1280,720,knife,233,535,407,603
KravMagaTraining139.jpg.jpg,1280,720,knife,774,43,943,175
KravMagaTraining20042.jpg.jpg,1280,720,knife,101,588,241,708
KravMagaTraining20046.jpg.jpg,1280,720,knife,110,577,254,693
KravMagaTraining119.jpg.jpg,1280,720,knife,339,65,460,253
KravMagaKnifeDefenseTechniques179.jpg.jpg,1280,720,knife,378,148,520,261
KravMagaTraining20043.jpg.jpg,1280,720,knife,112,583,261,699
KravMagaTraining076.jpg.jpg,1280,720,knife,738,1,976,161
KravMagaKnifeDefenseTechniques795.jpg.jpg,1280,720,knife,183,520,315,624
KravMagaTraining094.jpg.jpg,1280,720,knife,692,1,948,177
KravMagaTraining055.jpg.jpg,1280,720,knife,660,125,765,292
KravMagaTraining019.jpg.jpg,1280,720,knife,670,84,833,172
KravMagaKnifeDefenseTechniques780.jpg.jpg,1280,720,knife,508,465,683,532
KravMagaKnifeDefenseTechniques777.jpg.jpg,1280,720,knife,505,468,678,535
KravMagaKnifeDefenseTechniques775.jpg.jpg,1280,720,knife,511,461,686,527
KravMagaKnifeDefenseTechniques757.jpg.jpg,1280,720,knife,450,487,634,578
KravMagaKnifeDefenseTechniques773.jpg.jpg,1280,720,knife,514,463,683,529
KravMagaKnifeDefenseTechniques762.jpg.jpg,1280,720,knife,462,478,646,568
KravMagaTraining260.jpg.jpg,1280,720,knife,393,88,543,223
KravMagaTraining258.jpg.jpg,1280,720,knife,393,80,545,207
KravMagaTraining226.jpg.jpg,1280,720,knife,312,411,378,616
KravMagaTraining244.jpg.jpg,1280,720,knife,258,219,339,375
KravMagaTraining216.jpg.jpg,1280,720,knife,854,348,904,510
KravMagaTraining253.jpg.jpg,1280,720,knife,385,46,547,165
KravMagaTraining21334.jpg.jpg,1280,720,knife,578,408,866,554
KravMagaTraining255.jpg.jpg,1280,720,knife,380,58,542,168
KravMagaTraining21333.jpg.jpg,1280,720,knife,560,493,860,602
KravMagaTraining21309.jpg.jpg,1280,720,knife,588,537,823,607
KravMagaTraining21319.jpg.jpg,1280,720,knife,568,542,904,633
KravMagaTraining21322.jpg.jpg,1280,720,knife,349,535,685,692
KravMagaTraining21304.jpg.jpg,1280,720,knife,677,506,820,566
KravMagaTraining21321.jpg.jpg,1280,720,knife,285,511,630,700
KravMagaTraining21302.jpg.jpg,1280,720,knife,485,561,631,661
KravMagaTraining21306.jpg.jpg,1280,720,knife,600,512,765,565
KravMagaTraining21226.jpg.jpg,1280,720,knife,656,526,799,566
KravMagaTraining21138.jpg.jpg,1280,720,knife,674,403,861,508
KravMagaTraining21222.jpg.jpg,1280,720,knife,623,503,777,546
KravMagaTraining21139.jpg.jpg,1280,720,knife,710,368,885,483
KravMagaTraining21167.jpg.jpg,1280,720,knife,987,304,1088,433
KravMagaTraining21185.jpg.jpg,1280,720,knife,607,538,818,611
KravMagaTraining21141.jpg.jpg,1280,720,knife,749,333,919,466
KravMagaTraining21225.jpg.jpg,1280,720,knife,660,514,808,552
KravMagaTraining21140.jpg.jpg,1280,720,knife,739,343,912,461
KravMagaTraining21110.jpg.jpg,1280,720,knife,542,458,749,522
KravMagaTraining21079.jpg.jpg,1280,720,knife,420,491,623,579
KravMagaTraining21094.jpg.jpg,1280,720,knife,461,491,662,579
KravMagaTraining21071.jpg.jpg,1280,720,knife,445,456,646,549
KravMagaTraining21029.jpg.jpg,1280,720,knife,430,529,614,600
KravMagaTraining21102.jpg.jpg,1280,720,knife,483,485,664,562
KravMagaTraining21066.jpg.jpg,1280,720,knife,376,419,558,534
KravMagaTraining21027.jpg.jpg,1280,720,knife,438,527,627,607
KravMagaTraining20863.jpg.jpg,1280,720,knife,458,548,612,604
KravMagaTraining21024.jpg.jpg,1280,720,knife,493,549,687,618
KravMagaTraining20924.jpg.jpg,1280,720,knife,731,480,922,556
KravMagaTraining20890.jpg.jpg,1280,720,knife,719,527,904,610
KravMagaTraining20921.jpg.jpg,1280,720,knife,756,476,943,561
KravMagaTraining20967.jpg.jpg,1280,720,knife,530,446,700,508
KravMagaTraining21025.jpg.jpg,1280,720,knife,469,539,658,616
KravMagaTraining20835.jpg.jpg,1280,720,knife,503,507,658,564
KravMagaTraining20825.jpg.jpg,1280,720,knife,322,438,487,512
KravMagaTraining20809.jpg.jpg,1280,720,knife,445,522,622,630
KravMagaTraining20833.jpg.jpg,1280,720,knife,557,456,723,507
KravMagaTraining20812.jpg.jpg,1280,720,knife,430,543,589,630
KravMagaTraining20827.jpg.jpg,1280,720,knife,378,493,530,579
KravMagaTraining20803.jpg.jpg,1280,720,knife,485,499,672,604
KravMagaTraining20802.jpg.jpg,1280,720,knife,497,503,691,588
KravMagaTraining20774.jpg.jpg,1280,720,knife,266,475,468,554
KravMagaTraining20715.jpg.jpg,1280,720,knife,368,573,562,637
KravMagaTraining20703.jpg.jpg,1280,720,knife,584,406,780,522
KravMagaTraining20798.jpg.jpg,1280,720,knife,428,530,626,612
KravMagaTraining20702.jpg.jpg,1280,720,knife,597,410,774,545
KravMagaTraining20775.jpg.jpg,1280,720,knife,268,508,474,580
KravMagaTraining20626.jpg.jpg,1280,720,knife,554,449,708,520
KravMagaTraining20796.jpg.jpg,1280,720,knife,406,552,612,625
KravMagaTraining20623.jpg.jpg,1280,720,knife,585,420,726,492
KravMagaTraining4643.jpg.jpg,1280,720,knife,1001,360,1156,530
KravMagaTraining4652.jpg.jpg,1280,720,knife,704,230,890,292
KravMagaTraining498.jpg.jpg,1280,720,knife,441,219,517,330
KravMagaTraining474.jpg.jpg,1280,720,knife,353,427,463,516
KravMagaTraining500.jpg.jpg,1280,720,knife,499,270,551,408
KravMagaTraining467.jpg.jpg,1280,720,knife,273,464,397,566
KravMagaTraining531.jpg.jpg,1280,720,knife,867,312,931,459
KravMagaTraining497.jpg.jpg,1280,720,knife,433,224,502,331
KravMagaTraining464.jpg.jpg,1280,720,knife,274,411,388,530
KravMagaTraining4593.jpg.jpg,1280,720,knife,915,354,1015,543
KravMagaTraining4612.jpg.jpg,1280,720,knife,4,396,219,508
KravMagaTraining4611.jpg.jpg,1280,720,knife,4,425,234,526
KravMagaTraining4628.jpg.jpg,1280,720,knife,219,126,370,299
KravMagaTraining4614.jpg.jpg,1280,720,knife,139,377,297,470
KravMagaTraining4617.jpg.jpg,1280,720,knife,74,453,254,531
KravMagaTraining4610.jpg.jpg,1280,720,knife,1,398,206,519
KravMagaTraining4443.jpg.jpg,1280,720,knife,980,634,1116,687
KravMagaTraining4331.jpg.jpg,1280,720,knife,287,238,460,312
KravMagaTraining4424.jpg.jpg,1280,720,knife,43,88,241,196
KravMagaTraining4400.jpg.jpg,1280,720,knife,577,260,683,407
KravMagaTraining4280.jpg.jpg,1280,720,knife,664,441,738,543
KravMagaTraining4341.jpg.jpg,1280,720,knife,253,527,406,672
KravMagaTraining4043.jpg.jpg,1280,720,knife,524,461,634,550
KravMagaTraining4189.jpg.jpg,1280,720,knife,519,56,637,222
KravMagaTraining4052.jpg.jpg,1280,720,knife,518,423,642,530
KravMagaTraining4127.jpg.jpg,1280,720,knife,197,222,268,342
KravMagaTraining417.jpg.jpg,1280,720,knife,558,234,601,370
KravMagaTraining4081.jpg.jpg,1280,720,knife,484,491,711,630
KravMagaTraining4118.jpg.jpg,1280,720,knife,943,260,1130,398
KravMagaTraining4045.jpg.jpg,1280,720,knife,492,442,589,531
KravMagaTraining4278.jpg.jpg,1280,720,knife,649,435,724,539
KravMagaTraining4036.jpg.jpg,1280,720,knife,562,454,677,545
KravMagaTraining379.jpg.jpg,1280,720,knife,369,93,434,242
KravMagaTraining4035.jpg.jpg,1280,720,knife,569,453,685,545
KravMagaTraining371.jpg.jpg,1280,720,knife,599,26,730,104
KravMagaTraining355.jpg.jpg,1280,720,knife,366,119,437,245
KravMagaTraining366.jpg.jpg,1280,720,knife,322,433,473,475
KravMagaTraining351.jpg.jpg,1280,720,knife,354,107,441,233
KravMagaTraining344.jpg.jpg,1280,720,knife,607,261,653,404
KravMagaTraining319.jpg.jpg,1280,720,knife,265,511,416,566
KravMagaTraining331.jpg.jpg,1280,720,knife,554,12,689,88
KravMagaTraining320.jpg.jpg,1280,720,knife,269,538,426,583
KravMagaTraining342.jpg.jpg,1280,720,knife,570,370,643,500
KravMagaTraining267.jpg.jpg,1280,720,knife,419,93,564,230
KravMagaTraining340.jpg.jpg,1280,720,knife,658,333,738,472
KravMagaTraining341.jpg.jpg,1280,720,knife,607,369,676,502
KravMagaTraining324.jpg.jpg,1280,720,knife,357,443,481,569
KravMagaTraining263.jpg.jpg,1280,720,knife,408,91,554,223
RealityKnifeAttacks0650.jpg.jpg,1280,720,knife,548,297,583,387
RealityKnifeAttacks0174.jpg.jpg,1280,720,knife,498,388,598,428
RealityKnifeAttacks0176.jpg.jpg,1280,720,knife,524,377,622,426
online5.jpg.jpg,800,533,knife,205,92,591,450
RealityKnifeAttacks0170.jpg.jpg,1280,720,knife,470,378,564,423
RealityKnifeAttacks0593.jpg.jpg,1280,720,knife,523,416,598,489
RealityKnifeAttacks0180.jpg.jpg,1280,720,knife,570,364,659,419
RealityKnifeAttacks0592.jpg.jpg,1280,720,knife,512,425,591,494
online4.jpg.jpg,800,533,knife,206,141,603,441
KravMagaTraining754.jpg.jpg,1280,720,knife,929,339,980,537
online2.jpg.jpg,670,447,knife,151,125,428,441
KravMagaTraining753.jpg.jpg,1280,720,knife,944,289,1006,484
KravMagaTraining750.jpg.jpg,1280,720,knife,907,204,1044,355
KravMagaTraining749.jpg.jpg,1280,720,knife,872,166,1026,304
KravMagaTraining729.jpg.jpg,1280,720,knife,401,276,478,420
KravMagaTraining735.jpg.jpg,1280,720,knife,798,168,936,249
KravMagaTraining748.jpg.jpg,1280,720,knife,840,142,999,263
KravMagaTraining747.jpg.jpg,1280,720,knife,808,133,968,248
KravMagaTraining741.jpg.jpg,1280,720,knife,800,179,930,264
KravMagaTraining728.jpg.jpg,1280,720,knife,396,262,478,403
KravMagaTraining727.jpg.jpg,1280,720,knife,411,251,475,390
KravMagaTraining726.jpg.jpg,1280,720,knife,379,398,500,488
KravMagaTraining725.jpg.jpg,1280,720,knife,316,494,458,560
KravMagaTraining709.jpg.jpg,1280,720,knife,341,430,458,534
KravMagaTraining716.jpg.jpg,1280,720,knife,746,187,861,278
KravMagaTraining720.jpg.jpg,1280,720,knife,752,200,858,303
KravMagaTraining713.jpg.jpg,1280,720,knife,465,255,562,385
KravMagaTraining705.jpg.jpg,1280,720,knife,408,401,489,524
KravMagaTraining691.jpg.jpg,1280,720,knife,677,305,727,464
KravMagaTraining688.jpg.jpg,1280,720,knife,606,291,670,428
KravMagaTraining690.jpg.jpg,1280,720,knife,637,293,693,433
KravMagaTraining658.jpg.jpg,1280,720,knife,836,340,899,479
KravMagaTraining661.jpg.jpg,1280,720,knife,841,275,908,420
KravMagaTraining657.jpg.jpg,1280,720,knife,839,338,893,482
KravMagaTraining641.jpg.jpg,1280,720,knife,997,319,1142,358
KravMagaTraining637.jpg.jpg,1280,720,knife,1094,485,1198,622
KravMagaTraining595.jpg.jpg,1280,720,knife,509,199,681,298
KravMagaTraining626.jpg.jpg,1280,720,knife,1146,319,1202,476
KravMagaTraining617.jpg.jpg,1280,720,knife,691,160,860,218
KravMagaTraining636.jpg.jpg,1280,720,knife,1123,446,1221,589
KravMagaTraining619.jpg.jpg,1280,720,knife,1081,230,1189,375
KravMagaTraining624.jpg.jpg,1280,720,knife,1131,291,1198,452
KravMagaTraining634.jpg.jpg,1280,720,knife,1128,435,1227,569
KravMagaTraining613.jpg.jpg,1280,720,knife,624,404,693,577
KravMagaTraining550.jpg.jpg,1280,720,knife,171,391,264,541
KravMagaTraining590.jpg.jpg,1280,720,knife,561,395,630,546
KravMagaTraining572.jpg.jpg,1280,720,knife,919,340,1014,552
KravMagaTraining548.jpg.jpg,1280,720,knife,59,316,122,482
KravMagaTraining561.jpg.jpg,1280,720,knife,410,260,532,408
KravMagaTraining565.jpg.jpg,1280,720,knife,939,308,1064,513
KravMagaTraining566.jpg.jpg,1280,720,knife,941,321,1059,538
sharpenKnife242.jpg.jpg,1280,720,knife,495,522,651,566
sharpenKnife254.jpg.jpg,1280,720,knife,511,412,665,503
sharpenKnife193.jpg.jpg,1280,720,knife,620,388,866,484
sharpenKnife159.jpg.jpg,1280,720,knife,536,351,778,425
sharpenKnife110.jpg.jpg,1280,720,knife,187,357,1173,524
sharpenKnife161.jpg.jpg,1280,720,knife,558,355,806,434
sharpenKnife163.jpg.jpg,1280,720,knife,576,364,829,447
sharpenKnife182.jpg.jpg,1280,720,knife,610,436,824,530
sharpenKnife129.jpg.jpg,1280,720,knife,277,169,1109,531
sharpenKnife180.jpg.jpg,1280,720,knife,612,435,830,537
sharpenKnife109.jpg.jpg,1280,720,knife,195,336,1183,521
sharpenKnife102.jpg.jpg,1280,720,knife,77,96,344,422
sharpenKnife102.jpg.jpg,1280,720,knife,461,117,903,412
sharpenKnife002.jpg.jpg,1280,720,knife,696,575,1042,671
sharpenKnife032.jpg.jpg,1280,720,knife,645,455,919,535
sharpenKnife039.jpg.jpg,1280,720,knife,472,542,774,643
sharpenKnife035.jpg.jpg,1280,720,knife,643,465,933,541
sharpenKnife028.jpg.jpg,1280,720,knife,640,438,926,530
sharpenKnife004.jpg.jpg,1280,720,knife,694,565,1049,671
sharpenKnife030.jpg.jpg,1280,720,knife,649,446,914,538
sharpenKnife006.jpg.jpg,1280,720,knife,696,565,1050,674
sharpenKnife043.jpg.jpg,1280,720,knife,464,525,765,621
sharpenKnife096.jpg.jpg,1280,720,knife,677,461,957,561
sharpenKnife048.jpg.jpg,1280,720,knife,416,533,720,627
sharpenKnife100.jpg.jpg,1280,720,knife,194,107,391,367
sharpenKnife100.jpg.jpg,1280,720,knife,501,131,841,365
sharpenKnife057.jpg.jpg,1280,720,knife,409,506,714,601
sharpenKnife089.jpg.jpg,1280,720,knife,679,446,952,539
sharpenKnife101.jpg.jpg,1280,720,knife,149,103,364,390
sharpenKnife101.jpg.jpg,1280,720,knife,489,126,867,378
sharpenKnife099.jpg.jpg,1280,720,knife,513,150,819,353
sharpenKnife099.jpg.jpg,1280,720,knife,246,121,407,356
sharpenKnife091.jpg.jpg,1280,720,knife,681,460,936,556
RusoClases339.jpg.jpg,1280,720,knife,511,302,640,424
RusoClases396.jpg.jpg,1280,720,knife,454,425,602,489
RusoClases418.jpg.jpg,1280,720,knife,480,429,641,489
RusoClases416.jpg.jpg,1280,720,knife,472,436,627,500
RusoClases362.jpg.jpg,1280,720,knife,560,560,714,622
RusoClases404.jpg.jpg,1280,720,knife,459,415,600,484
RusoClases338.jpg.jpg,1280,720,knife,500,302,633,420
RusoClases434.jpg.jpg,1280,720,knife,509,429,634,482
RusoClases643.jpg.jpg,1280,720,knife,656,485,886,572
sharpenKnife000.jpg.jpg,1280,720,knife,682,555,1025,668
RusoClases463.jpg.jpg,1280,720,knife,1036,427,1167,620
RusoClases795.jpg.jpg,1280,720,knife,896,379,1056,459
RusoClases648.jpg.jpg,1280,720,knife,618,158,689,396
RusoClases647.jpg.jpg,1280,720,knife,602,155,671,397
RusoClases461.jpg.jpg,1280,720,knife,1049,419,1191,607
RusoClases415.jpg.jpg,1280,720,knife,469,428,622,499
RusoClases336.jpg.jpg,1280,720,knife,661,190,801,270
RusoClases312.jpg.jpg,1280,720,knife,687,480,749,627
RusoClases306.jpg.jpg,1280,720,knife,523,285,576,455
RusoClases307.jpg.jpg,1280,720,knife,537,323,586,487
RusoClases315.jpg.jpg,1280,720,knife,565,329,614,497
RusoClases333.jpg.jpg,1280,720,knife,489,371,612,495
RusoClases314.jpg.jpg,1280,720,knife,631,403,677,568
RusoClases308.jpg.jpg,1280,720,knife,570,345,619,512
RusoClases309.jpg.jpg,1280,720,knife,580,320,625,481
RealityKnifeAttacks0652.jpg.jpg,1280,720,knife,559,301,600,395
RusoClases200.jpg.jpg,1280,720,knife,421,196,511,303
RusoClases003.jpg.jpg,1280,720,knife,534,159,656,216
RusoClases154.jpg.jpg,1280,720,knife,920,385,952,487
RealityKnifeAttacks0651.jpg.jpg,1280,720,knife,554,296,595,392
RusoClases263.jpg.jpg,1280,720,knife,438,407,545,551
RusoClases179.jpg.jpg,1280,720,knife,444,334,572,387
sharpenKnife272.jpg.jpg,1280,720,knife,512,547,672,642
sharpenKnife299.jpg.jpg,1280,720,knife,412,244,1200,436
sharpenKnife298.jpg.jpg,1280,720,knife,350,170,1095,370
sharpenKnife303.jpg.jpg,1280,720,knife,400,133,1182,379
sharpenKnife297.jpg.jpg,1280,720,knife,327,121,1042,333
sharpenKnife261.jpg.jpg,1280,720,knife,494,484,600,557
sharpenKnife211.jpg.jpg,1280,720,knife,571,448,733,497
sharpenKnife226.jpg.jpg,1280,720,knife,421,514,530,586
sharpenKnife200.jpg.jpg,1280,720,knife,584,425,721,500
sharpenKnife227.jpg.jpg,1280,720,knife,414,505,533,582
sharpenKnife248.jpg.jpg,1280,720,knife,510,509,654,551
